ts_utc,o,h,l,c,volume,vwap,above_vwap,retest_flag,_generated_at_utc,_run_id
2025-09-21T00:00:59Z,0.4928,0.4929,0.4925,0.4927,167489.5,0.4927,1,0,2025-09-21T08:35:53Z,17891317569
2025-09-21T00:01:59Z,0.4927,0.4927,0.4924,0.4925,154381.2,0.4926040725359593,0,0,2025-09-21T08:35:53Z,17891317569
2025-09-21T00:02:59Z,0.4925,0.4926,0.4924,0.4926,96864.8,0.4926031304486961,0,0,2025-09-21T08:35:53Z,17891317569
2025-09-21T00:03:59Z,0.4927,0.4929,0.4926,0.4927,67628.4,0.4926166000601606,1,1,2025-09-21T08:35:53Z,17891317569
2025-09-21T00:04:59Z,0.4927,0.4931,0.4927,0.4929,201106.9,0.4926995034843662,1,0,2025-09-21T08:35:53Z,17891317569
2025-09-21T00:05:59Z,0.4928,0.4929,0.4927,0.4928,59879.0,0.4927075554445856,1,0,2025-09-21T08:35:53Z,17891317569
2025-09-21T00:06:59Z,0.4928,0.4929,0.4926,0.4927,33651.8,0.4927072298955597,0,1,2025-09-21T08:35:53Z,17891317569
2025-09-21T00:07:59Z,0.4926,0.4927,0.4924,0.4926,56075.3,0.4927000466265404,0,0,2025-09-21T08:35:53Z,17891317569
2025-09-21T00:08:59Z,0.4925,0.4928,0.4925,0.4926,31580.4,0.4926964093895256,0,0,2025-09-21T08:35:53Z,17891317569
2025-09-21T00:09:59Z,0.4927,0.4927,0.4923,0.4925,82006.6,0.4926794666337913,0,0,2025-09-21T08:35:53Z,17891317569
2025-09-21T00:10:59Z,0.4925,0.4932,0.4925,0.493,145368.4,0.4927219794526128,1,1,2025-09-21T08:35:53Z,17891317569
2025-09-21T00:11:59Z,0.493,0.4937,0.493,0.4937,417161.7,0.4929916029867948,1,0,2025-09-21T08:35:53Z,17891317569
2025-09-21T00:12:59Z,0.4937,0.4939,0.4932,0.4932,129757.5,0.493008061826536,1,0,2025-09-21T08:35:53Z,17891317569
2025-09-21T00:13:59Z,0.4932,0.4935,0.4932,0.4935,64091.7,0.4930265318651573,1,0,2025-09-21T08:35:53Z,17891317569
2025-09-21T00:14:59Z,0.4935,0.4937,0.4932,0.4932,296655.4,0.4930522144997257,1,0,2025-09-21T08:35:53Z,17891317569
2025-09-21T00:15:59Z,0.4932,0.4932,0.493,0.4931,53165.0,0.4930534496405109,1,0,2025-09-21T08:35:53Z,17891317569
2025-09-21T00:16:59Z,0.4931,0.4935,0.493,0.4933,78646.7,0.4930625296117747,1,0,2025-09-21T08:35:53Z,17891317569
2025-09-21T00:17:59Z,0.4933,0.4935,0.493,0.4931,60671.0,0.4930635647566984,1,0,2025-09-21T08:35:53Z,17891317569
2025-09-21T00:18:59Z,0.4932,0.4937,0.4931,0.4937,83625.9,0.4930869099194002,1,0,2025-09-21T08:35:53Z,17891317569
2025-09-21T00:19:59Z,0.4937,0.4937,0.4932,0.4933,24662.3,0.4930891903971826,1,0,2025-09-21T08:35:53Z,17891317569
2025-09-21T00:20:59Z,0.4932,0.4933,0.493,0.4933,151562.3,0.4931021995073518,1,0,2025-09-21T08:35:53Z,17891317569
2025-09-21T00:21:59Z,0.4933,0.4934,0.4929,0.493,70668.2,0.4930993411327028,0,1,2025-09-21T08:35:53Z,17891317569
2025-09-21T00:22:59Z,0.4929,0.4931,0.4926,0.4926,58693.5,0.4930880051102472,0,0,2025-09-21T08:35:53Z,17891317569
2025-09-21T00:23:59Z,0.4926,0.4927,0.4923,0.4925,68010.7,0.4930729336638571,0,0,2025-09-21T08:35:53Z,17891317569
2025-09-21T00:24:59Z,0.4925,0.4929,0.4924,0.4929,55018.0,0.4930694207461451,0,0,2025-09-21T08:35:53Z,17891317569
2025-09-21T00:25:59Z,0.4929,0.4931,0.4926,0.4926,137202.3,0.4930467875399583,0,0,2025-09-21T08:35:53Z,17891317569
2025-09-21T00:26:59Z,0.4926,0.4928,0.4924,0.4926,108615.5,0.4930303609625488,0,0,2025-09-21T08:35:53Z,17891317569
2025-09-21T00:27:59Z,0.4926,0.4928,0.4923,0.4927,91910.1,0.4930203931316452,0,0,2025-09-21T08:35:53Z,17891317569
2025-09-21T00:28:59Z,0.4927,0.4927,0.4922,0.4924,58518.4,0.4930086996405575,0,0,2025-09-21T08:35:53Z,17891317569
2025-09-21T00:29:59Z,0.4924,0.4925,0.4923,0.4924,47592.7,0.4929995095203405,0,0,2025-09-21T08:35:53Z,17891317569
2025-09-21T00:30:59Z,0.4924,0.4926,0.4923,0.4925,90005.0,0.4929856431837707,0,0,2025-09-21T08:35:53Z,17891317569
2025-09-21T00:31:59Z,0.4926,0.4927,0.4925,0.4926,144265.3,0.4929692148914015,0,0,2025-09-21T08:35:53Z,17891317569
2025-09-21T00:32:59Z,0.4925,0.4929,0.4925,0.4926,86491.3,0.492960020055152,0,0,2025-09-21T08:35:53Z,17891317569
2025-09-21T00:33:59Z,0.4926,0.4926,0.492,0.4922,169979.8,0.4929245580829397,0,0,2025-09-21T08:35:53Z,17891317569
2025-09-21T00:34:59Z,0.4921,0.4923,0.4919,0.4919,60788.5,0.4929077425155,0,0,2025-09-21T08:35:53Z,17891317569
2025-09-21T00:35:59Z,0.492,0.4923,0.4919,0.4921,73964.7,0.4928919277206855,0,0,2025-09-21T08:35:53Z,17891317569
2025-09-21T00:36:59Z,0.492,0.4921,0.4919,0.4921,20534.3,0.4928876464043651,0,0,2025-09-21T08:35:53Z,17891317569
2025-09-21T00:37:59Z,0.4921,0.4922,0.4919,0.4919,221892.2,0.4928331336939622,0,0,2025-09-21T08:35:53Z,17891317569
2025-09-21T00:38:59Z,0.4918,0.4921,0.4917,0.4921,103400.3,0.492814750105891,0,0,2025-09-21T08:35:53Z,17891317569
2025-09-21T00:39:59Z,0.4921,0.4925,0.4921,0.4925,44439.0,0.4928113942739645,0,0,2025-09-21T08:35:53Z,17891317569
2025-09-21T00:40:59Z,0.4925,0.4935,0.4924,0.4935,96738.2,0.492827014023158,1,1,2025-09-21T08:35:53Z,17891317569
2025-09-21T00:41:59Z,0.4935,0.4937,0.4933,0.4937,359397.9,0.492894864072218,1,0,2025-09-21T08:35:53Z,17891317569
2025-09-21T00:42:59Z,0.4936,0.4951,0.4936,0.4943,500263.6,0.4930320382654722,1,0,2025-09-21T08:35:53Z,17891317569
2025-09-21T00:43:59Z,0.4943,0.4949,0.4943,0.4945,129579.1,0.4930682425185961,1,0,2025-09-21T08:35:53Z,17891317569
2025-09-21T00:44:59Z,0.4944,0.4946,0.4942,0.4944,81405.8,0.4930885620180149,1,0,2025-09-21T08:35:53Z,17891317569
2025-09-21T00:45:59Z,0.4943,0.4944,0.4941,0.4942,39117.3,0.4930966513775596,1,0,2025-09-21T08:35:53Z,17891317569
2025-09-21T00:46:59Z,0.4942,0.4951,0.4942,0.4951,174400.6,0.4931596158722015,1,0,2025-09-21T08:35:53Z,17891317569
2025-09-21T00:47:59Z,0.495,0.4951,0.4946,0.4948,51432.7,0.4931746808739046,1,0,2025-09-21T08:35:53Z,17891317569
2025-09-21T00:48:59Z,0.4949,0.4951,0.4946,0.4948,140298.2,0.493214402708402,1,0,2025-09-21T08:35:53Z,17891317569
2025-09-21T00:49:59Z,0.4947,0.4951,0.4946,0.4951,67410.1,0.4932362875013232,1,0,2025-09-21T08:35:53Z,17891317569
2025-09-21T00:50:59Z,0.495,0.4953,0.4949,0.4952,90857.6,0.4932665333977002,1,0,2025-09-21T08:35:53Z,17891317569
2025-09-21T00:51:59Z,0.4953,0.4956,0.4951,0.4953,208645.5,0.4933360002693056,1,0,2025-09-21T08:35:53Z,17891317569
2025-09-21T00:52:59Z,0.4952,0.4953,0.495,0.4951,42452.9,0.4933481769599135,1,0,2025-09-21T08:35:53Z,17891317569
2025-09-21T00:53:59Z,0.495,0.4954,0.495,0.4953,32633.8,0.4933584792335735,1,0,2025-09-21T08:35:53Z,17891317569
2025-09-21T00:54:59Z,0.4953,0.4955,0.495,0.4954,136502.8,0.493402578987703,1,0,2025-09-21T08:35:53Z,17891317569
2025-09-21T00:55:59Z,0.4954,0.4956,0.4952,0.4953,46980.2,0.4934165813891656,1,0,2025-09-21T08:35:53Z,17891317569
2025-09-21T00:56:59Z,0.4954,0.4956,0.4951,0.4952,162090.4,0.4934608621683776,1,0,2025-09-21T08:35:53Z,17891317569
2025-09-21T00:57:59Z,0.4952,0.4952,0.4942,0.4944,554702.9,0.4935344111644063,1,0,2025-09-21T08:35:53Z,17891317569
2025-09-21T00:58:59Z,0.4944,0.4945,0.4941,0.4942,61786.0,0.4935401670355828,1,0,2025-09-21T08:35:53Z,17891317569
2025-09-21T00:59:59Z,0.4942,0.4942,0.494,0.4941,116061.0,0.4935491157697121,1,0,2025-09-21T08:35:53Z,17891317569
2025-09-21T01:00:59Z,0.4941,0.4945,0.4941,0.4943,115463.6,0.4935608696951884,1,0,2025-09-21T08:35:53Z,17891317569
2025-09-21T01:01:59Z,0.4942,0.4942,0.4939,0.4942,142999.3,0.4935730245370111,1,0,2025-09-21T08:35:53Z,17891317569
2025-09-21T01:02:59Z,0.4942,0.4946,0.4941,0.4944,95764.7,0.4935834244052712,1,0,2025-09-21T08:35:53Z,17891317569
2025-09-21T01:03:59Z,0.4944,0.495,0.4944,0.4949,123614.1,0.4936044549390521,1,0,2025-09-21T08:35:53Z,17891317569
2025-09-21T01:04:59Z,0.495,0.4951,0.4949,0.4951,23804.4,0.4936090412063666,1,0,2025-09-21T08:35:53Z,17891317569
2025-09-21T01:05:59Z,0.495,0.4952,0.4943,0.4943,330514.0,0.4936372598268791,1,0,2025-09-21T08:35:53Z,17891317569
2025-09-21T01:06:59Z,0.4943,0.4944,0.4939,0.494,118555.4,0.493642496974698,1,0,2025-09-21T08:35:53Z,17891317569
2025-09-21T01:07:59Z,0.494,0.494,0.4935,0.4935,91031.1,0.4936409345997981,0,1,2025-09-21T08:35:53Z,17891317569
2025-09-21T01:08:59Z,0.4935,0.4939,0.4933,0.4938,37992.0,0.4936416591607371,1,1,2025-09-21T08:35:53Z,17891317569
2025-09-21T01:09:59Z,0.4939,0.4941,0.4938,0.4938,55702.5,0.4936427096312267,1,0,2025-09-21T08:35:53Z,17891317569
2025-09-21T01:10:59Z,0.4937,0.4939,0.4933,0.4933,179244.9,0.4936355462926429,0,1,2025-09-21T08:35:53Z,17891317569
2025-09-21T01:11:59Z,0.4933,0.4936,0.4931,0.4931,72932.2,0.4936310300138419,0,0,2025-09-21T08:35:53Z,17891317569
2025-09-21T01:12:59Z,0.4931,0.4933,0.493,0.493,90872.7,0.4936244684352383,0,0,2025-09-21T08:35:53Z,17891317569
2025-09-21T01:13:59Z,0.4929,0.4934,0.4928,0.4933,65901.2,0.493622039991663,0,0,2025-09-21T08:35:53Z,17891317569
2025-09-21T01:14:59Z,0.4934,0.4935,0.4933,0.4935,50087.2,0.493621349707787,0,0,2025-09-21T08:35:53Z,17891317569
2025-09-21T01:15:59Z,0.4936,0.4938,0.4935,0.4935,86585.3,0.4936201746590762,0,0,2025-09-21T08:35:53Z,17891317569
2025-09-21T01:16:59Z,0.4936,0.494,0.4934,0.4938,45250.8,0.4936210800953495,1,1,2025-09-21T08:35:53Z,17891317569
2025-09-21T01:17:59Z,0.4939,0.4939,0.4931,0.4931,93725.8,0.4936157018748773,0,1,2025-09-21T08:35:53Z,17891317569
2025-09-21T01:18:59Z,0.4931,0.4937,0.493,0.4937,29166.6,0.4936159717643916,1,1,2025-09-21T08:35:53Z,17891317569
2025-09-21T01:19:59Z,0.4936,0.4938,0.4929,0.4934,58951.6,0.4936145831759181,0,1,2025-09-21T08:35:53Z,17891317569
2025-09-21T01:20:59Z,0.4934,0.4938,0.4933,0.4936,15204.0,0.4936145590340205,0,0,2025-09-21T08:35:53Z,17891317569
2025-09-21T01:21:59Z,0.4936,0.4938,0.4935,0.4936,69487.1,0.4936144497077134,0,0,2025-09-21T08:35:53Z,17891317569
2025-09-21T01:22:59Z,0.4937,0.494,0.4936,0.4936,99891.6,0.4936142953910095,0,0,2025-09-21T08:35:53Z,17891317569
2025-09-21T01:23:59Z,0.4937,0.4937,0.493,0.4931,332521.0,0.4935966396725981,0,0,2025-09-21T08:35:53Z,17891317569
2025-09-21T01:24:59Z,0.4931,0.4933,0.4931,0.4933,38396.5,0.4935954684043538,0,0,2025-09-21T08:35:53Z,17891317569
2025-09-21T01:25:59Z,0.4933,0.4935,0.493,0.4931,86252.7,0.4935911123921404,0,0,2025-09-21T08:35:53Z,17891317569
2025-09-21T01:26:59Z,0.4931,0.4932,0.4931,0.4932,16761.8,0.4935904453069697,0,0,2025-09-21T08:35:53Z,17891317569
2025-09-21T01:27:59Z,0.4931,0.4933,0.493,0.4932,88888.7,0.4935869454096026,0,0,2025-09-21T08:35:53Z,17891317569
2025-09-21T01:28:59Z,0.4931,0.4933,0.493,0.4932,84933.9,0.4935836593502699,0,0,2025-09-21T08:35:53Z,17891317569
2025-09-21T01:29:59Z,0.4932,0.4932,0.4929,0.493,53418.2,0.493580558506555,0,0,2025-09-21T08:35:53Z,17891317569
2025-09-21T01:30:59Z,0.4931,0.4931,0.4928,0.4929,162239.4,0.4935697516030378,0,0,2025-09-21T08:35:53Z,17891317569
2025-09-21T01:31:59Z,0.4929,0.493,0.4926,0.4926,43436.9,0.4935656461949609,0,0,2025-09-21T08:35:53Z,17891317569
2025-09-21T01:32:59Z,0.4926,0.4928,0.4926,0.4927,32159.7,0.4935629414251551,0,0,2025-09-21T08:35:53Z,17891317569
2025-09-21T01:33:59Z,0.4928,0.4932,0.4928,0.4928,43646.6,0.4935597197501203,0,0,2025-09-21T08:35:53Z,17891317569
2025-09-21T01:34:59Z,0.4927,0.4928,0.4924,0.4925,77610.6,0.493551821999651,0,0,2025-09-21T08:35:53Z,17891317569
2025-09-21T01:35:59Z,0.4925,0.4927,0.4923,0.4925,125840.5,0.4935392635088373,0,0,2025-09-21T08:35:53Z,17891317569
2025-09-21T01:36:59Z,0.4924,0.4929,0.4923,0.4929,131796.1,0.4935313683632578,0,0,2025-09-21T08:35:53Z,17891317569
2025-09-21T01:37:59Z,0.4928,0.493,0.4928,0.4929,155409.2,0.4935223056520849,0,0,2025-09-21T08:35:53Z,17891317569
2025-09-21T01:38:59Z,0.4928,0.4929,0.4925,0.4925,25196.8,0.4935199320101335,0,0,2025-09-21T08:35:53Z,17891317569
2025-09-21T01:39:59Z,0.4926,0.4928,0.4924,0.4928,123492.0,0.4935118316343422,0,0,2025-09-21T08:35:53Z,17891317569
2025-09-21T01:40:59Z,0.4927,0.4928,0.4924,0.4925,25960.3,0.4935094440055947,0,0,2025-09-21T08:35:53Z,17891317569
2025-09-21T01:41:59Z,0.4925,0.4926,0.4921,0.4925,262572.4,0.4934859132106761,0,0,2025-09-21T08:35:53Z,17891317569
2025-09-21T01:42:59Z,0.4925,0.4925,0.4922,0.4923,42547.7,0.4934814505186455,0,0,2025-09-21T08:35:53Z,17891317569
2025-09-21T01:43:59Z,0.4922,0.4923,0.4922,0.4923,5773.0,0.4934808475935952,0,0,2025-09-21T08:35:53Z,17891317569
2025-09-21T01:44:59Z,0.4922,0.4924,0.4922,0.4923,94395.8,0.4934710755851915,0,0,2025-09-21T08:35:53Z,17891317569
2025-09-21T01:45:59Z,0.4923,0.4927,0.4921,0.4924,132581.0,0.4934587694970129,0,0,2025-09-21T08:35:53Z,17891317569
2025-09-21T01:46:59Z,0.4924,0.4924,0.4921,0.4921,49913.4,0.4934529174599477,0,0,2025-09-21T08:35:53Z,17891317569
2025-09-21T01:47:59Z,0.4921,0.4923,0.4919,0.4921,163682.8,0.4934340754356996,0,0,2025-09-21T08:35:53Z,17891317569
2025-09-21T01:48:59Z,0.4922,0.4922,0.4919,0.492,15216.8,0.4934322211074539,0,0,2025-09-21T08:35:53Z,17891317569
2025-09-21T01:49:59Z,0.4919,0.4925,0.4919,0.4924,182274.1,0.4934164771514405,0,0,2025-09-21T08:35:53Z,17891317569
2025-09-21T01:50:59Z,0.4925,0.4927,0.4923,0.4924,47664.6,0.4934124390149417,0,0,2025-09-21T08:35:53Z,17891317569
2025-09-21T01:51:59Z,0.4924,0.4928,0.4923,0.4927,111016.4,0.4934059073743366,0,0,2025-09-21T08:35:53Z,17891317569
2025-09-21T01:52:59Z,0.4927,0.4934,0.4926,0.493,348152.1,0.4933945631961954,0,0,2025-09-21T08:35:53Z,17891317569
2025-09-21T01:53:59Z,0.4931,0.4931,0.4928,0.4929,98345.2,0.4933906893986449,0,0,2025-09-21T08:35:53Z,17891317569
2025-09-21T01:54:59Z,0.493,0.493,0.4926,0.4926,44976.5,0.4933878671154604,0,0,2025-09-21T08:35:53Z,17891317569
2025-09-21T01:55:59Z,0.4925,0.4929,0.4924,0.4929,24394.2,0.4933869244509017,0,0,2025-09-21T08:35:53Z,17891317569
2025-09-21T01:56:59Z,0.493,0.493,0.4924,0.4925,125747.5,0.4933781776190513,0,0,2025-09-21T08:35:53Z,17891317569
2025-09-21T01:57:59Z,0.4926,0.4928,0.4923,0.4927,40146.2,0.4933760490514771,0,0,2025-09-21T08:35:53Z,17891317569
2025-09-21T01:58:59Z,0.4927,0.4927,0.492,0.4922,79740.6,0.4933687627788605,0,0,2025-09-21T08:35:53Z,17891317569
2025-09-21T01:59:59Z,0.4923,0.4926,0.4923,0.4925,39236.4,0.4933661223838879,0,0,2025-09-21T08:35:53Z,17891317569
2025-09-21T02:00:59Z,0.4925,0.4925,0.4921,0.4922,152514.3,0.4933525069137137,0,0,2025-09-21T08:35:53Z,17891317569
2025-09-21T02:01:59Z,0.4922,0.493,0.4922,0.4927,62098.6,0.4933494195689781,0,0,2025-09-21T08:35:53Z,17891317569
2025-09-21T02:02:59Z,0.4928,0.493,0.4926,0.4929,48895.9,0.4933477514476236,0,0,2025-09-21T08:35:53Z,17891317569
2025-09-21T02:03:59Z,0.4928,0.4928,0.4924,0.4926,63689.6,0.493344153669574,0,0,2025-09-21T08:35:53Z,17891317569
2025-09-21T02:04:59Z,0.4926,0.4927,0.4925,0.4926,68340.7,0.4933403314624887,0,0,2025-09-21T08:35:53Z,17891317569
2025-09-21T02:05:59Z,0.4926,0.4932,0.4925,0.4929,30995.3,0.4933393080818418,0,0,2025-09-21T08:35:53Z,17891317569
2025-09-21T02:06:59Z,0.4929,0.4932,0.4928,0.4931,34127.0,0.4933386972703448,0,0,2025-09-21T08:35:53Z,17891317569
2025-09-21T02:07:59Z,0.4931,0.4932,0.4928,0.493,55178.7,0.4933373052477423,0,0,2025-09-21T08:35:53Z,17891317569
2025-09-21T02:08:59Z,0.493,0.493,0.4926,0.4926,70726.6,0.4933334414767896,0,0,2025-09-21T08:35:53Z,17891317569
2025-09-21T02:09:59Z,0.4926,0.493,0.4926,0.493,19669.2,0.4933329562384366,0,0,2025-09-21T08:35:53Z,17891317569
2025-09-21T02:10:59Z,0.4931,0.4935,0.493,0.4932,77670.6,0.4933321965672734,0,0,2025-09-21T08:35:53Z,17891317569
2025-09-21T02:11:59Z,0.4932,0.4938,0.4932,0.4937,36909.1,0.4933331925043912,1,1,2025-09-21T08:35:53Z,17891317569
2025-09-21T02:12:59Z,0.4936,0.4941,0.4936,0.494,71456.2,0.4933366698857043,1,0,2025-09-21T08:35:53Z,17891317569
2025-09-21T02:13:59Z,0.494,0.4945,0.494,0.4945,37244.4,0.4933398234159738,1,0,2025-09-21T08:35:53Z,17891317569
2025-09-21T02:14:59Z,0.4945,0.4947,0.4943,0.4944,178589.3,0.4933534271443769,1,0,2025-09-21T08:35:53Z,17891317569
2025-09-21T02:15:59Z,0.4944,0.4946,0.4942,0.4945,138499.1,0.4933647243899384,1,0,2025-09-21T08:35:53Z,17891317569
2025-09-21T02:16:59Z,0.4944,0.4949,0.4944,0.4949,36452.5,0.4933686955083461,1,0,2025-09-21T08:35:53Z,17891317569
2025-09-21T02:17:59Z,0.4949,0.495,0.4936,0.4939,383065.9,0.4933827549793191,1,0,2025-09-21T08:35:53Z,17891317569
2025-09-21T02:18:59Z,0.4938,0.4939,0.4924,0.4928,436258.3,0.4933657064533945,0,1,2025-09-21T08:35:53Z,17891317569
2025-09-21T02:19:59Z,0.4928,0.4928,0.4926,0.4927,50799.9,0.4933634463629787,0,0,2025-09-21T08:35:53Z,17891317569
2025-09-21T02:20:59Z,0.4927,0.4927,0.4921,0.4921,159015.9,0.4933501605985432,0,0,2025-09-21T08:35:53Z,17891317569
2025-09-21T02:21:59Z,0.4921,0.4922,0.4902,0.4907,1654921.7,0.49308874232507,0,0,2025-09-21T08:35:53Z,17891317569
2025-09-21T02:22:59Z,0.4908,0.4914,0.4904,0.4911,246422.5,0.4930599542522625,0,0,2025-09-21T08:35:53Z,17891317569
2025-09-21T02:23:59Z,0.4912,0.4916,0.4912,0.4913,116629.6,0.4930479786154152,0,0,2025-09-21T08:35:53Z,17891317569
2025-09-21T02:24:59Z,0.4913,0.4915,0.4913,0.4913,51619.8,0.4930427301189718,0,0,2025-09-21T08:35:53Z,17891317569
2025-09-21T02:25:59Z,0.4914,0.4914,0.491,0.4913,46059.3,0.4930380735294858,0,0,2025-09-21T08:35:53Z,17891317569
2025-09-21T02:26:59Z,0.4913,0.4913,0.4908,0.4909,129148.1,0.4930221738102739,0,0,2025-09-21T08:35:53Z,17891317569
2025-09-21T02:27:59Z,0.4909,0.4912,0.4909,0.4912,98686.8,0.493011877851858,0,0,2025-09-21T08:35:53Z,17891317569
2025-09-21T02:28:59Z,0.4912,0.4917,0.4911,0.4916,210564.8,0.4929950590032614,0,0,2025-09-21T08:35:53Z,17891317569
2025-09-21T02:29:59Z,0.4917,0.4926,0.4915,0.4925,488083.4,0.4929817564520214,0,0,2025-09-21T08:35:53Z,17891317569
2025-09-21T02:30:59Z,0.4925,0.4926,0.492,0.4921,160671.0,0.4929740252783349,0,0,2025-09-21T08:35:53Z,17891317569
2025-09-21T02:31:59Z,0.4921,0.4922,0.4918,0.492,117102.2,0.4929678404434817,0,0,2025-09-21T08:35:53Z,17891317569
2025-09-21T02:32:59Z,0.4921,0.4928,0.4921,0.4927,72054.2,0.4929667980426119,0,0,2025-09-21T08:35:53Z,17891317569
2025-09-21T02:33:59Z,0.4927,0.4932,0.4926,0.4932,136968.3,0.4929685106209421,1,1,2025-09-21T08:35:53Z,17891317569
2025-09-21T02:34:59Z,0.4932,0.4936,0.4932,0.4936,293680.2,0.4929782999684202,1,0,2025-09-21T08:35:53Z,17891317569
2025-09-21T02:35:59Z,0.4937,0.4939,0.4934,0.4935,94291.3,0.4929808837113786,1,0,2025-09-21T08:35:53Z,17891317569
2025-09-21T02:36:59Z,0.4935,0.4936,0.493,0.4933,181237.8,0.4929838928343914,1,0,2025-09-21T08:35:53Z,17891317569
2025-09-21T02:37:59Z,0.4933,0.4938,0.4932,0.4938,72633.1,0.4929869652916792,1,0,2025-09-21T08:35:53Z,17891317569
2025-09-21T02:38:59Z,0.4939,0.4942,0.4938,0.4938,54036.2,0.4929892361146484,1,0,2025-09-21T08:35:53Z,17891317569
2025-09-21T02:39:59Z,0.4937,0.4941,0.4936,0.4938,76062.3,0.4929924111543308,1,0,2025-09-21T08:35:53Z,17891317569
2025-09-21T02:40:59Z,0.4938,0.494,0.4936,0.4939,66567.9,0.4929955110951948,1,0,2025-09-21T08:35:53Z,17891317569
2025-09-21T02:41:59Z,0.4939,0.4939,0.4935,0.4937,58177.7,0.4929976077920108,1,0,2025-09-21T08:35:53Z,17891317569
2025-09-21T02:42:59Z,0.4937,0.4941,0.4936,0.494,104775.5,0.4930029519680161,1,0,2025-09-21T08:35:53Z,17891317569
2025-09-21T02:43:59Z,0.494,0.494,0.4937,0.4938,46191.6,0.4930048209764,1,0,2025-09-21T08:35:53Z,17891317569
2025-09-21T02:44:59Z,0.4938,0.4938,0.4934,0.4935,50015.8,0.4930060750756604,1,0,2025-09-21T08:35:53Z,17891317569
2025-09-21T02:45:59Z,0.4935,0.4935,0.4932,0.4934,30999.9,0.493006692459161,1,0,2025-09-21T08:35:53Z,17891317569
2025-09-21T02:46:59Z,0.4934,0.4934,0.493,0.4932,45978.6,0.4930071407681446,1,0,2025-09-21T08:35:53Z,17891317569
2025-09-21T02:47:59Z,0.4933,0.4937,0.4932,0.4937,55871.3,0.4930090878513381,1,0,2025-09-21T08:35:53Z,17891317569
2025-09-21T02:48:59Z,0.4937,0.494,0.4937,0.4939,44262.4,0.493011066892211,1,0,2025-09-21T08:35:53Z,17891317569
2025-09-21T02:49:59Z,0.4938,0.4942,0.4938,0.494,68152.2,0.4930144378152347,1,0,2025-09-21T08:35:53Z,17891317569
2025-09-21T02:50:59Z,0.494,0.4942,0.4939,0.4941,33308.9,0.4930162433012325,1,0,2025-09-21T08:35:53Z,17891317569
2025-09-21T02:51:59Z,0.4941,0.4941,0.4936,0.4938,74324.4,0.4930191411989256,1,0,2025-09-21T08:35:53Z,17891317569
2025-09-21T02:52:59Z,0.4939,0.494,0.4937,0.4939,9130.1,0.4930195411022296,1,0,2025-09-21T08:35:53Z,17891317569
2025-09-21T02:53:59Z,0.4938,0.494,0.4937,0.494,17413.8,0.4930203893450893,1,0,2025-09-21T08:35:53Z,17891317569
2025-09-21T02:54:59Z,0.494,0.4942,0.4939,0.4941,39738.4,0.4930225165936368,1,0,2025-09-21T08:35:53Z,17891317569
2025-09-21T02:55:59Z,0.494,0.4943,0.494,0.4943,221705.7,0.4930364073105359,1,0,2025-09-21T08:35:53Z,17891317569
2025-09-21T02:56:59Z,0.4943,0.4943,0.4939,0.4942,32924.9,0.4930382832432283,1,0,2025-09-21T08:35:53Z,17891317569
2025-09-21T02:57:59Z,0.4942,0.4943,0.4941,0.4942,116500.4,0.4930448726917721,1,0,2025-09-21T08:35:53Z,17891317569
2025-09-21T02:58:59Z,0.4942,0.4942,0.4938,0.494,230137.7,0.4930554562390189,1,0,2025-09-21T08:35:53Z,17891317569
2025-09-21T02:59:59Z,0.4939,0.4941,0.4939,0.494,41192.8,0.4930573259096495,1,0,2025-09-21T08:35:53Z,17891317569
2025-09-21T03:00:59Z,0.4939,0.494,0.4936,0.4936,274609.3,0.4930643936834266,1,0,2025-09-21T08:35:53Z,17891317569
2025-09-21T03:01:59Z,0.4937,0.4938,0.4935,0.4935,37713.5,0.4930651714391458,1,0,2025-09-21T08:35:53Z,17891317569
2025-09-21T03:02:59Z,0.4935,0.4941,0.4935,0.4938,54111.2,0.4930670490874994,1,0,2025-09-21T08:35:53Z,17891317569
2025-09-21T03:03:59Z,0.4939,0.4939,0.4935,0.4936,56781.0,0.4930684742631795,1,0,2025-09-21T08:35:53Z,17891317569
2025-09-21T03:04:59Z,0.4936,0.4936,0.4932,0.4933,41543.7,0.4930689263623711,1,0,2025-09-21T08:35:53Z,17891317569
2025-09-21T03:05:59Z,0.4934,0.4937,0.4934,0.4937,37086.8,0.4930700245392027,1,0,2025-09-21T08:35:53Z,17891317569
2025-09-21T03:06:59Z,0.4937,0.4937,0.4932,0.4933,52199.3,0.4930705864361169,1,0,2025-09-21T08:35:53Z,17891317569
2025-09-21T03:07:59Z,0.4933,0.4935,0.4932,0.4933,42120.2,0.4930710378392924,1,0,2025-09-21T08:35:53Z,17891317569
2025-09-21T03:08:59Z,0.4933,0.4936,0.4932,0.4936,128351.8,0.4930741905595433,1,0,2025-09-21T08:35:53Z,17891317569
2025-09-21T03:09:59Z,0.4936,0.4936,0.493,0.4933,153324.3,0.4930757869194186,1,0,2025-09-21T08:35:53Z,17891317569
2025-09-21T03:10:59Z,0.4932,0.4933,0.493,0.4931,15627.2,0.4930758043533817,1,0,2025-09-21T08:35:53Z,17891317569
2025-09-21T03:11:59Z,0.493,0.4931,0.4927,0.4928,42684.7,0.4930752629948723,0,1,2025-09-21T08:35:53Z,17891317569
2025-09-21T03:12:59Z,0.4928,0.4931,0.4927,0.493,131165.8,0.4930748117605718,0,0,2025-09-21T08:35:53Z,17891317569
2025-09-21T03:13:59Z,0.4931,0.4935,0.4931,0.4933,90802.4,0.4930757425345514,1,1,2025-09-21T08:35:53Z,17891317569
2025-09-21T03:14:59Z,0.4934,0.4941,0.4933,0.4941,252832.5,0.4930873964946339,1,0,2025-09-21T08:35:53Z,17891317569
2025-09-21T03:15:59Z,0.494,0.494,0.4936,0.4937,228828.3,0.4930936406158666,1,0,2025-09-21T08:35:53Z,17891317569
2025-09-21T03:16:59Z,0.4937,0.4943,0.4937,0.4943,63490.0,0.4930970426422294,1,0,2025-09-21T08:35:53Z,17891317569
2025-09-21T03:17:59Z,0.4942,0.4943,0.4936,0.4939,68863.5,0.4930994912027437,1,0,2025-09-21T08:35:53Z,17891317569
2025-09-21T03:18:59Z,0.4939,0.4939,0.4935,0.4935,274714.2,0.4931043048154132,1,0,2025-09-21T08:35:53Z,17891317569
2025-09-21T03:19:59Z,0.4935,0.4939,0.4934,0.4939,119411.4,0.4931084401203214,1,0,2025-09-21T08:35:53Z,17891317569
2025-09-21T03:20:59Z,0.4938,0.494,0.4937,0.4938,128600.6,0.4931122892612992,1,0,2025-09-21T08:35:53Z,17891317569
2025-09-21T03:21:59Z,0.4938,0.4942,0.4936,0.4937,214420.7,0.4931176931900145,1,0,2025-09-21T08:35:53Z,17891317569
2025-09-21T03:22:59Z,0.4938,0.4939,0.4936,0.4936,60243.7,0.4931189359687087,1,0,2025-09-21T08:35:53Z,17891317569
2025-09-21T03:23:59Z,0.4935,0.4936,0.4933,0.4935,43905.6,0.4931196502377611,1,0,2025-09-21T08:35:53Z,17891317569
2025-09-21T03:24:59Z,0.4934,0.4939,0.4934,0.4936,55003.5,0.4931207755505442,1,0,2025-09-21T08:35:53Z,17891317569
2025-09-21T03:25:59Z,0.4937,0.494,0.4936,0.4938,31359.5,0.4931216815503527,1,0,2025-09-21T08:35:53Z,17891317569
2025-09-21T03:26:59Z,0.4939,0.4942,0.4937,0.4941,62794.3,0.4931242876300944,1,0,2025-09-21T08:35:53Z,17891317569
2025-09-21T03:27:59Z,0.4942,0.4945,0.4941,0.4945,36546.7,0.4931264171918941,1,0,2025-09-21T08:35:53Z,17891317569
2025-09-21T03:28:59Z,0.4945,0.4946,0.4943,0.4943,44782.5,0.4931286390356681,1,0,2025-09-21T08:35:53Z,17891317569
2025-09-21T03:29:59Z,0.4944,0.4946,0.4943,0.4946,47438.5,0.4931315839422229,1,0,2025-09-21T08:35:53Z,17891317569
2025-09-21T03:30:59Z,0.4946,0.4946,0.4938,0.4939,77674.7,0.4931340939578235,1,0,2025-09-21T08:35:53Z,17891317569
2025-09-21T03:31:59Z,0.4938,0.494,0.4934,0.4938,132814.2,0.4931377925714328,1,0,2025-09-21T08:35:53Z,17891317569
2025-09-21T03:32:59Z,0.4937,0.4944,0.4937,0.4944,74161.3,0.4931416950877113,1,0,2025-09-21T08:35:53Z,17891317569
2025-09-21T03:33:59Z,0.4944,0.4945,0.4939,0.4939,124200.2,0.4931456013361677,1,0,2025-09-21T08:35:53Z,17891317569
2025-09-21T03:34:59Z,0.494,0.4942,0.4936,0.494,157491.2,0.4931511460985535,1,0,2025-09-21T08:35:53Z,17891317569
2025-09-21T03:35:59Z,0.494,0.4942,0.4937,0.4939,98339.3,0.4931541683736666,1,0,2025-09-21T08:35:53Z,17891317569
2025-09-21T03:36:59Z,0.4938,0.4942,0.4937,0.4941,36533.1,0.4931555843613678,1,0,2025-09-21T08:35:53Z,17891317569
2025-09-21T03:37:59Z,0.4941,0.4943,0.4937,0.4939,28472.6,0.4931564519129606,1,0,2025-09-21T08:35:53Z,17891317569
2025-09-21T03:38:59Z,0.4938,0.4939,0.4935,0.4939,32571.1,0.4931574418682505,1,0,2025-09-21T08:35:53Z,17891317569
2025-09-21T03:39:59Z,0.4938,0.4942,0.4938,0.4941,239857.7,0.49316659350091,1,0,2025-09-21T08:35:53Z,17891317569
2025-09-21T03:40:59Z,0.4941,0.4941,0.4938,0.494,102651.6,0.4931700422253167,1,0,2025-09-21T08:35:53Z,17891317569
2025-09-21T03:41:59Z,0.494,0.494,0.4939,0.494,23902.6,0.4931708411737632,1,0,2025-09-21T08:35:53Z,17891317569
2025-09-21T03:42:59Z,0.4939,0.494,0.4934,0.4935,55615.8,0.4931715767871926,1,0,2025-09-21T08:35:53Z,17891317569
2025-09-21T03:43:59Z,0.4936,0.4937,0.4933,0.4935,67651.2,0.4931724671690436,1,0,2025-09-21T08:35:53Z,17891317569
2025-09-21T03:44:59Z,0.4934,0.4935,0.4932,0.4935,44976.5,0.4931730564540269,1,0,2025-09-21T08:35:53Z,17891317569
2025-09-21T03:45:59Z,0.4934,0.4939,0.4934,0.4937,64343.2,0.4931744092591543,1,0,2025-09-21T08:35:53Z,17891317569
2025-09-21T03:46:59Z,0.4937,0.4938,0.4934,0.4935,21359.5,0.4931746865028373,1,0,2025-09-21T08:35:53Z,17891317569
2025-09-21T03:47:59Z,0.4935,0.4939,0.4934,0.4938,57488.5,0.4931761163286325,1,0,2025-09-21T08:35:53Z,17891317569
2025-09-21T03:48:59Z,0.4939,0.4939,0.4937,0.4938,25721.8,0.4931767539534866,1,0,2025-09-21T08:35:53Z,17891317569
2025-09-21T03:49:59Z,0.4938,0.494,0.4938,0.494,25984.1,0.4931776030351044,1,0,2025-09-21T08:35:53Z,17891317569
2025-09-21T03:50:59Z,0.4939,0.4942,0.4939,0.4942,11047.1,0.4931780511501756,1,0,2025-09-21T08:35:53Z,17891317569
2025-09-21T03:51:59Z,0.4942,0.4943,0.4935,0.4937,236219.8,0.4931828974987722,1,0,2025-09-21T08:35:53Z,17891317569
2025-09-21T03:52:59Z,0.4937,0.4937,0.4935,0.4935,14983.7,0.4931830841511105,1,0,2025-09-21T08:35:53Z,17891317569
2025-09-21T03:53:59Z,0.4936,0.4938,0.4936,0.4938,29040.5,0.4931837871417528,1,0,2025-09-21T08:35:53Z,17891317569
2025-09-21T03:54:59Z,0.4938,0.494,0.4937,0.4939,54316.6,0.493185310386099,1,0,2025-09-21T08:35:53Z,17891317569
2025-09-21T03:55:59Z,0.4939,0.4941,0.4939,0.494,15687.9,0.4931858105187218,1,0,2025-09-21T08:35:53Z,17891317569
2025-09-21T03:56:59Z,0.494,0.494,0.4938,0.494,17316.7,0.4931863618652198,1,0,2025-09-21T08:35:53Z,17891317569
2025-09-21T03:57:59Z,0.494,0.494,0.4936,0.4937,11076.7,0.4931865842543607,1,0,2025-09-21T08:35:53Z,17891317569
2025-09-21T03:58:59Z,0.4937,0.4937,0.4935,0.4936,21801.5,0.4931869362597978,1,0,2025-09-21T08:35:53Z,17891317569
2025-09-21T03:59:59Z,0.4937,0.4943,0.4936,0.4941,75945.2,0.4931896364302679,1,0,2025-09-21T08:35:53Z,17891317569
2025-09-21T04:00:59Z,0.494,0.4943,0.4939,0.494,490149.4,0.4932048134760325,1,0,2025-09-21T08:35:53Z,17891317569
2025-09-21T04:01:59Z,0.494,0.4942,0.4938,0.494,280046.0,0.493213232363804,1,0,2025-09-21T08:35:53Z,17891317569
2025-09-21T04:02:59Z,0.494,0.494,0.4932,0.4933,59219.0,0.4932134261861983,1,0,2025-09-21T08:35:53Z,17891317569
2025-09-21T04:03:59Z,0.4933,0.4936,0.4933,0.4934,114297.8,0.4932142271359411,1,0,2025-09-21T08:35:53Z,17891317569
2025-09-21T04:04:59Z,0.4934,0.4936,0.4933,0.4936,43500.0,0.4932148563938103,1,0,2025-09-21T08:35:53Z,17891317569
2025-09-21T04:05:59Z,0.4936,0.4936,0.4932,0.4932,61068.2,0.4932148224513846,0,1,2025-09-21T08:35:53Z,17891317569
2025-09-21T04:06:59Z,0.4931,0.4931,0.4928,0.493,138874.7,0.4932137120843276,0,0,2025-09-21T08:35:53Z,17891317569
2025-09-21T04:07:59Z,0.4929,0.4929,0.4922,0.4922,274651.4,0.493203454542726,0,0,2025-09-21T08:35:53Z,17891317569
2025-09-21T04:08:59Z,0.4922,0.4925,0.4921,0.4925,314568.8,0.4931953952998721,0,0,2025-09-21T08:35:53Z,17891317569
2025-09-21T04:09:59Z,0.4924,0.4928,0.4924,0.4924,108281.3,0.4931922708776916,0,0,2025-09-21T08:35:53Z,17891317569
2025-09-21T04:10:59Z,0.4924,0.4926,0.4924,0.4925,129855.1,0.4931890250366701,0,0,2025-09-21T08:35:53Z,17891317569
2025-09-21T04:11:59Z,0.4926,0.4926,0.4919,0.4922,233699.6,0.4931807492719556,0,0,2025-09-21T08:35:53Z,17891317569
2025-09-21T04:12:59Z,0.4922,0.4923,0.492,0.4921,44206.1,0.4931790413690506,0,0,2025-09-21T08:35:53Z,17891317569
2025-09-21T04:13:59Z,0.4922,0.4924,0.4918,0.4918,65469.2,0.4931758213746963,0,0,2025-09-21T08:35:53Z,17891317569
2025-09-21T04:14:59Z,0.4919,0.4922,0.4918,0.4922,57924.0,0.4931738096275666,0,0,2025-09-21T08:35:53Z,17891317569
2025-09-21T04:15:59Z,0.4922,0.4927,0.4921,0.4927,124800.6,0.4931717143561628,0,0,2025-09-21T08:35:53Z,17891317569
2025-09-21T04:16:59Z,0.4926,0.4929,0.4926,0.4928,64137.5,0.4931708714966052,0,0,2025-09-21T08:35:53Z,17891317569
2025-09-21T04:17:59Z,0.4928,0.4928,0.4923,0.4926,120602.0,0.4931684477961149,0,0,2025-09-21T08:35:53Z,17891317569
2025-09-21T04:18:59Z,0.4925,0.4926,0.4922,0.4926,31304.8,0.4931678220340151,0,0,2025-09-21T08:35:53Z,17891317569
2025-09-21T04:19:59Z,0.4927,0.4928,0.4922,0.4923,28762.9,0.4931669451704231,0,0,2025-09-21T08:35:53Z,17891317569
2025-09-21T04:20:59Z,0.4923,0.4923,0.492,0.492,16141.6,0.4931662838384303,0,0,2025-09-21T08:35:53Z,17891317569
2025-09-21T04:21:59Z,0.492,0.4922,0.4918,0.4919,50003.7,0.4931640646512829,0,0,2025-09-21T08:35:53Z,17891317569
2025-09-21T04:22:59Z,0.4919,0.492,0.4917,0.492,72251.5,0.4931611243872048,0,0,2025-09-21T08:35:53Z,17891317569
2025-09-21T04:23:59Z,0.492,0.4926,0.492,0.4926,46677.4,0.4931602102317342,0,0,2025-09-21T08:35:53Z,17891317569
2025-09-21T04:24:59Z,0.4926,0.4926,0.4924,0.4925,43121.8,0.493159218075081,0,0,2025-09-21T08:35:53Z,17891317569
2025-09-21T04:25:59Z,0.4925,0.4927,0.4922,0.4922,24678.1,0.4931583938290854,0,0,2025-09-21T08:35:53Z,17891317569
2025-09-21T04:26:59Z,0.4923,0.4923,0.4919,0.4921,85946.4,0.4931552358808084,0,0,2025-09-21T08:35:53Z,17891317569
2025-09-21T04:27:59Z,0.4921,0.4923,0.492,0.4922,111286.1,0.4931515596146371,0,0,2025-09-21T08:35:53Z,17891317569
2025-09-21T04:28:59Z,0.4921,0.4921,0.4916,0.4916,162711.3,0.493142877916612,0,0,2025-09-21T08:35:53Z,17891317569
2025-09-21T04:29:59Z,0.4917,0.492,0.4916,0.492,23876.4,0.4931419402882509,0,0,2025-09-21T08:35:53Z,17891317569
2025-09-21T04:30:59Z,0.492,0.4921,0.4918,0.4919,60591.0,0.4931393600034457,0,0,2025-09-21T08:35:53Z,17891317569
2025-09-21T04:31:59Z,0.4919,0.4928,0.4919,0.4927,709265.5,0.4931289283676913,0,0,2025-09-21T08:35:53Z,17891317569
2025-09-21T04:32:59Z,0.4926,0.4927,0.4924,0.4924,57410.8,0.4931275301729382,0,0,2025-09-21T08:35:53Z,17891317569
2025-09-21T04:33:59Z,0.4924,0.4924,0.4921,0.4923,184484.6,0.493122460680483,0,0,2025-09-21T08:35:53Z,17891317569
2025-09-21T04:34:59Z,0.4923,0.4923,0.4921,0.4923,18583.8,0.4931219534535898,0,0,2025-09-21T08:35:53Z,17891317569
2025-09-21T04:35:59Z,0.4923,0.4928,0.4923,0.4927,160618.1,0.4931197162635025,0,0,2025-09-21T08:35:53Z,17891317569
2025-09-21T04:36:59Z,0.4928,0.4931,0.4927,0.4931,22406.4,0.4931197016914927,0,0,2025-09-21T08:35:53Z,17891317569
2025-09-21T04:37:59Z,0.4931,0.4933,0.4931,0.4933,66674.9,0.4931200973519837,1,1,2025-09-21T08:35:53Z,17891317569
2025-09-21T04:38:59Z,0.4932,0.4932,0.4923,0.4925,114018.9,0.4931177790038555,0,1,2025-09-21T08:35:53Z,17891317569
2025-09-21T04:39:59Z,0.4925,0.4927,0.4924,0.4927,62577.3,0.4931169235134615,0,0,2025-09-21T08:35:53Z,17891317569
2025-09-21T04:40:59Z,0.4927,0.4929,0.4926,0.4928,17705.8,0.4931167399990514,0,0,2025-09-21T08:35:53Z,17891317569
2025-09-21T04:41:59Z,0.4929,0.4931,0.4927,0.493,105629.7,0.4931163381081269,0,0,2025-09-21T08:35:53Z,17891317569
2025-09-21T04:42:59Z,0.493,0.4931,0.4928,0.4929,37468.0,0.4931160742527198,0,0,2025-09-21T08:35:53Z,17891317569
2025-09-21T04:43:59Z,0.4928,0.4929,0.4928,0.4929,20673.0,0.4931159289456222,0,0,2025-09-21T08:35:53Z,17891317569
2025-09-21T04:44:59Z,0.4928,0.4928,0.4925,0.4928,73851.9,0.4931151717827585,0,0,2025-09-21T08:35:53Z,17891317569
2025-09-21T04:45:59Z,0.4927,0.4928,0.4926,0.4926,154539.9,0.4931126010417502,0,0,2025-09-21T08:35:53Z,17891317569
2025-09-21T04:46:59Z,0.4925,0.4926,0.4923,0.4924,8637.9,0.4931124023411675,0,0,2025-09-21T08:35:53Z,17891317569
2025-09-21T04:47:59Z,0.4925,0.4926,0.4922,0.4925,85869.2,0.4931107094984577,0,0,2025-09-21T08:35:53Z,17891317569
2025-09-21T04:48:59Z,0.4925,0.4925,0.4923,0.4924,36478.1,0.4931098758998316,0,0,2025-09-21T08:35:53Z,17891317569
2025-09-21T04:49:59Z,0.4923,0.4923,0.4921,0.4921,34560.2,0.4931087549283149,0,0,2025-09-21T08:35:53Z,17891317569
2025-09-21T04:50:59Z,0.4922,0.4922,0.4919,0.4921,26728.7,0.4931078896792136,0,0,2025-09-21T08:35:53Z,17891317569
2025-09-21T04:51:59Z,0.492,0.4922,0.4918,0.4918,17558.1,0.4931071531641265,0,0,2025-09-21T08:35:53Z,17891317569
2025-09-21T04:52:59Z,0.4919,0.4921,0.4917,0.492,48244.3,0.4931054426949194,0,0,2025-09-21T08:35:53Z,17891317569
2025-09-21T04:53:59Z,0.492,0.4926,0.492,0.4921,41246.5,0.4931041164225638,0,0,2025-09-21T08:35:53Z,17891317569
2025-09-21T04:54:59Z,0.4921,0.4923,0.492,0.492,83677.6,0.4931011696153313,0,0,2025-09-21T08:35:53Z,17891317569
2025-09-21T04:55:59Z,0.492,0.4923,0.492,0.4921,61616.1,0.4930992059076396,0,0,2025-09-21T08:35:53Z,17891317569
2025-09-21T04:56:59Z,0.4922,0.4922,0.492,0.492,16298.0,0.4930986359230903,0,0,2025-09-21T08:35:53Z,17891317569
2025-09-21T04:57:59Z,0.4921,0.4923,0.4919,0.4922,104921.5,0.4930956460646333,0,0,2025-09-21T08:35:53Z,17891317569
2025-09-21T04:58:59Z,0.4923,0.4926,0.4922,0.4926,36782.6,0.4930950686202168,0,0,2025-09-21T08:35:53Z,17891317569
2025-09-21T04:59:59Z,0.4925,0.493,0.4925,0.4929,33078.1,0.4930948644608567,0,0,2025-09-21T08:35:53Z,17891317569
2025-09-21T05:00:59Z,0.4929,0.4933,0.4929,0.493,262363.7,0.4930940834477914,0,0,2025-09-21T08:35:53Z,17891317569
2025-09-21T05:01:59Z,0.493,0.493,0.4927,0.4928,68073.3,0.4930934565861799,0,0,2025-09-21T08:35:53Z,17891317569
2025-09-21T05:02:59Z,0.4928,0.4934,0.4928,0.4934,96756.3,0.4930943825237934,1,1,2025-09-21T08:35:53Z,17891317569
2025-09-21T05:03:59Z,0.4933,0.4936,0.4932,0.4933,109028.0,0.4930950800055703,1,0,2025-09-21T08:35:53Z,17891317569
2025-09-21T05:04:59Z,0.4932,0.4933,0.4925,0.4926,116254.5,0.4930932957709561,0,1,2025-09-21T08:35:53Z,17891317569
2025-09-21T05:05:59Z,0.4925,0.4925,0.4923,0.4924,59500.1,0.4930920193241579,0,0,2025-09-21T08:35:53Z,17891317569
2025-09-21T05:06:59Z,0.4925,0.4925,0.4922,0.4924,55260.5,0.4930908380314592,0,0,2025-09-21T08:35:53Z,17891317569
2025-09-21T05:07:59Z,0.4924,0.4926,0.4922,0.4925,66147.5,0.4930896332178495,0,0,2025-09-21T08:35:53Z,17891317569
2025-09-21T05:08:59Z,0.4925,0.4926,0.4924,0.4926,18775.1,0.4930893499874743,0,0,2025-09-21T08:35:53Z,17891317569
2025-09-21T05:09:59Z,0.4926,0.4926,0.4923,0.4923,260167.9,0.4930830731233876,0,0,2025-09-21T08:35:53Z,17891317569
2025-09-21T05:10:59Z,0.4923,0.4925,0.4922,0.4925,73488.3,0.4930817663922581,0,0,2025-09-21T08:35:53Z,17891317569
2025-09-21T05:11:59Z,0.4925,0.4928,0.4924,0.4926,40049.7,0.493081178699047,0,0,2025-09-21T08:35:53Z,17891317569
2025-09-21T05:12:59Z,0.4925,0.4925,0.4923,0.4924,30519.3,0.4930805460730909,0,0,2025-09-21T08:35:53Z,17891317569
2025-09-21T05:13:59Z,0.4924,0.4927,0.4924,0.4926,22147.9,0.4930802224150798,0,0,2025-09-21T08:35:53Z,17891317569
2025-09-21T05:14:59Z,0.4925,0.4927,0.4924,0.4927,110756.9,0.4930789460733245,0,0,2025-09-21T08:35:53Z,17891317569
2025-09-21T05:15:59Z,0.4927,0.4932,0.4927,0.4932,105771.1,0.4930793328981804,1,1,2025-09-21T08:35:53Z,17891317569
2025-09-21T05:16:59Z,0.4932,0.4936,0.493,0.4936,48422.3,0.4930800934681226,1,0,2025-09-21T08:35:53Z,17891317569
2025-09-21T05:17:59Z,0.4935,0.4935,0.4927,0.4929,125214.5,0.4930794157504732,0,1,2025-09-21T08:35:53Z,17891317569
2025-09-21T05:18:59Z,0.4928,0.493,0.4927,0.4929,22275.1,0.4930792957215805,0,0,2025-09-21T08:35:53Z,17891317569
2025-09-21T05:19:59Z,0.4929,0.493,0.4927,0.4929,8605.8,0.4930792493924113,0,0,2025-09-21T08:35:53Z,17891317569
2025-09-21T05:20:59Z,0.4929,0.4937,0.4929,0.4937,78866.1,0.493080715864012,1,1,2025-09-21T08:35:53Z,17891317569
2025-09-21T05:21:59Z,0.4936,0.4936,0.4933,0.4934,109307.0,0.4930817578737579,1,0,2025-09-21T08:35:53Z,17891317569
2025-09-21T05:22:59Z,0.4934,0.4937,0.4934,0.4936,74944.1,0.4930829149072525,1,0,2025-09-21T08:35:53Z,17891317569
2025-09-21T05:23:59Z,0.4936,0.4936,0.4934,0.4935,59911.3,0.4930836579858497,1,0,2025-09-21T08:35:53Z,17891317569
2025-09-21T05:24:59Z,0.4935,0.4937,0.4933,0.4935,77276.0,0.4930846125373392,1,0,2025-09-21T08:35:53Z,17891317569
2025-09-21T05:25:59Z,0.4934,0.4934,0.4929,0.493,88528.9,0.4930843908784958,0,1,2025-09-21T08:35:53Z,17891317569
2025-09-21T05:26:59Z,0.493,0.4933,0.4929,0.4932,48459.2,0.4930845564216767,1,1,2025-09-21T08:35:53Z,17891317569
2025-09-21T05:27:59Z,0.4931,0.4935,0.4931,0.4935,39951.7,0.4930850462883249,1,0,2025-09-21T08:35:53Z,17891317569
2025-09-21T05:28:59Z,0.4935,0.4936,0.4933,0.4933,35582.5,0.4930852717932925,1,0,2025-09-21T08:35:53Z,17891317569
2025-09-21T05:29:59Z,0.4934,0.4935,0.4933,0.4934,16368.4,0.4930854236056297,1,0,2025-09-21T08:35:53Z,17891317569
2025-09-21T05:30:59Z,0.4934,0.4935,0.4933,0.4935,81059.3,0.4930864115589188,1,0,2025-09-21T08:35:53Z,17891317569
2025-09-21T05:31:59Z,0.4934,0.4938,0.4933,0.4934,151508.1,0.4930878021350574,1,0,2025-09-21T08:35:53Z,17891317569
2025-09-21T05:32:59Z,0.4934,0.4936,0.4931,0.4932,129148.1,0.4930882246411432,1,0,2025-09-21T08:35:53Z,17891317569
2025-09-21T05:33:59Z,0.4931,0.4938,0.493,0.4936,154204.0,0.4930905154403353,1,0,2025-09-21T08:35:53Z,17891317569
2025-09-21T05:34:59Z,0.4937,0.4938,0.4936,0.4938,27114.0,0.4930910734052242,1,0,2025-09-21T08:35:53Z,17891317569
2025-09-21T05:35:59Z,0.4938,0.4938,0.4931,0.4933,97460.2,0.4930916623375815,1,0,2025-09-21T08:35:53Z,17891317569
2025-09-21T05:36:59Z,0.4932,0.4936,0.4931,0.4936,21474.8,0.4930919778788327,1,0,2025-09-21T08:35:53Z,17891317569
2025-09-21T05:37:59Z,0.4936,0.4939,0.4936,0.4938,114342.9,0.4930943102504072,1,0,2025-09-21T08:35:53Z,17891317569
2025-09-21T05:38:59Z,0.4938,0.494,0.4938,0.494,30268.1,0.49309509934265,1,0,2025-09-21T08:35:53Z,17891317569
2025-09-21T05:39:59Z,0.494,0.494,0.4936,0.4939,53190.5,0.4930963298241435,1,0,2025-09-21T08:35:53Z,17891317569
2025-09-21T05:40:59Z,0.4938,0.4942,0.4938,0.494,24968.1,0.4930969778355291,1,0,2025-09-21T08:35:53Z,17891317569
2025-09-21T05:41:59Z,0.4941,0.4943,0.494,0.4943,73297.4,0.4930995050151565,1,0,2025-09-21T08:35:53Z,17891317569
2025-09-21T05:42:59Z,0.4943,0.4943,0.4941,0.4941,287203.9,0.4931076730770656,1,0,2025-09-21T08:35:53Z,17891317569
2025-09-21T05:43:59Z,0.4941,0.4943,0.4941,0.4943,50863.1,0.4931093944877204,1,0,2025-09-21T08:35:53Z,17891317569
2025-09-21T05:44:59Z,0.4943,0.4944,0.4942,0.4944,54389.2,0.4931113838896632,1,0,2025-09-21T08:35:53Z,17891317569
2025-09-21T05:45:59Z,0.4944,0.4947,0.4942,0.4946,126271.1,0.4931166921426431,1,0,2025-09-21T08:35:53Z,17891317569
2025-09-21T05:46:59Z,0.4946,0.4955,0.4946,0.4955,311385.4,0.4931374671428467,1,0,2025-09-21T08:35:53Z,17891317569
2025-09-21T05:47:59Z,0.4956,0.4957,0.4954,0.4956,113162.0,0.4931452434193318,1,0,2025-09-21T08:35:53Z,17891317569
2025-09-21T05:48:59Z,0.4955,0.4959,0.4953,0.4959,117324.7,0.4931542330566286,1,0,2025-09-21T08:35:53Z,17891317569
2025-09-21T05:49:59Z,0.4958,0.497,0.4958,0.4969,620987.3,0.4932178328501419,1,0,2025-09-21T08:35:53Z,17891317569
2025-09-21T05:50:59Z,0.4968,0.4971,0.4964,0.4965,184768.7,0.4932343309076732,1,0,2025-09-21T08:35:53Z,17891317569
2025-09-21T05:51:59Z,0.4965,0.4967,0.4963,0.4964,110535.8,0.4932438218249311,1,0,2025-09-21T08:35:53Z,17891317569
2025-09-21T05:52:59Z,0.4964,0.4964,0.4959,0.4962,198328.4,0.4932596388678812,1,0,2025-09-21T08:35:53Z,17891317569
2025-09-21T05:53:59Z,0.4962,0.4966,0.4962,0.4966,53257.3,0.4932644313313406,1,0,2025-09-21T08:35:53Z,17891317569
2025-09-21T05:54:59Z,0.4965,0.4967,0.4964,0.4965,111292.8,0.4932741030532734,1,0,2025-09-21T08:35:53Z,17891317569
2025-09-21T05:55:59Z,0.4965,0.4968,0.4965,0.4966,271079.7,0.4932981434323552,1,0,2025-09-21T08:35:53Z,17891317569
2025-09-21T05:56:59Z,0.4967,0.4967,0.4964,0.4967,311763.6,0.4933261901175924,1,0,2025-09-21T08:35:53Z,17891317569
2025-09-21T05:57:59Z,0.4967,0.4969,0.4964,0.4964,173530.5,0.4933402313279627,1,0,2025-09-21T08:35:53Z,17891317569
2025-09-21T05:58:59Z,0.4965,0.497,0.4964,0.4967,331573.3,0.4933693027605952,1,0,2025-09-21T08:35:53Z,17891317569
2025-09-21T05:59:59Z,0.4968,0.4972,0.4967,0.497,458951.0,0.4934122725544044,1,0,2025-09-21T08:35:53Z,17891317569
2025-09-21T06:00:59Z,0.497,0.4974,0.4968,0.4972,443656.3,0.4934551167360171,1,0,2025-09-21T08:35:53Z,17891317569
2025-09-21T06:01:59Z,0.4973,0.4978,0.4972,0.4977,331914.4,0.4934907371220354,1,0,2025-09-21T08:35:53Z,17891317569
2025-09-21T06:02:59Z,0.4976,0.4982,0.4972,0.4982,354056.7,0.4935325165395173,1,0,2025-09-21T08:35:53Z,17891317569
2025-09-21T06:03:59Z,0.4981,0.4982,0.4973,0.4974,265856.8,0.4935581100185965,1,0,2025-09-21T08:35:53Z,17891317569
2025-09-21T06:04:59Z,0.4973,0.4974,0.4969,0.4973,210822.5,0.4935776438739652,1,0,2025-09-21T08:35:53Z,17891317569
2025-09-21T06:05:59Z,0.4973,0.4981,0.4973,0.4981,373540.2,0.493619089963999,1,0,2025-09-21T08:35:53Z,17891317569
2025-09-21T06:06:59Z,0.4981,0.4984,0.498,0.4982,167195.5,0.4936378045374344,1,0,2025-09-21T08:35:53Z,17891317569
2025-09-21T06:07:59Z,0.4982,0.4987,0.4982,0.4985,384695.1,0.4936830827656587,1,0,2025-09-21T08:35:53Z,17891317569
2025-09-21T06:08:59Z,0.4984,0.4987,0.4982,0.4986,148503.4,0.4937006948696541,1,0,2025-09-21T08:35:53Z,17891317569
2025-09-21T06:09:59Z,0.4985,0.4986,0.4983,0.4986,267979.3,0.4937321592768753,1,0,2025-09-21T08:35:53Z,17891317569
2025-09-21T06:10:59Z,0.4986,0.4987,0.4983,0.4984,62313.4,0.4937391196611799,1,0,2025-09-21T08:35:53Z,17891317569
2025-09-21T06:11:59Z,0.4984,0.4987,0.4981,0.4986,309440.5,0.4937748489040972,1,0,2025-09-21T08:35:53Z,17891317569
2025-09-21T06:12:59Z,0.4986,0.4986,0.4984,0.4985,133695.1,0.4937898073299245,1,0,2025-09-21T08:35:53Z,17891317569
2025-09-21T06:13:59Z,0.4986,0.499,0.4985,0.499,208393.3,0.4938153905085961,1,0,2025-09-21T08:35:53Z,17891317569
2025-09-21T06:14:59Z,0.4989,0.499,0.4986,0.4986,152140.1,0.4938324809430685,1,0,2025-09-21T08:35:53Z,17891317569
2025-09-21T06:15:59Z,0.4985,0.499,0.4982,0.4982,343953.3,0.4938674677408037,1,0,2025-09-21T08:35:53Z,17891317569
2025-09-21T06:16:59Z,0.4982,0.4986,0.498,0.4983,236592.0,0.4938917581801972,1,0,2025-09-21T08:35:53Z,17891317569
2025-09-21T06:17:59Z,0.4982,0.4984,0.4979,0.498,274137.3,0.4939176795906903,1,0,2025-09-21T08:35:53Z,17891317569
2025-09-21T06:18:59Z,0.498,0.498,0.4975,0.4978,124041.6,0.4939287319527135,1,0,2025-09-21T08:35:53Z,17891317569
2025-09-21T06:19:59Z,0.4979,0.4979,0.4973,0.4976,215022.1,0.4939467603710288,1,0,2025-09-21T08:35:53Z,17891317569
2025-09-21T06:20:59Z,0.4976,0.4976,0.4971,0.4972,80240.2,0.4939527111163158,1,0,2025-09-21T08:35:53Z,17891317569
2025-09-21T06:21:59Z,0.4972,0.4975,0.4968,0.4974,309274.7,0.4939768453889354,1,0,2025-09-21T08:35:53Z,17891317569
2025-09-21T06:22:59Z,0.4974,0.4979,0.4973,0.4979,154867.2,0.4939905506457738,1,0,2025-09-21T08:35:53Z,17891317569
2025-09-21T06:23:59Z,0.4978,0.4979,0.4975,0.4976,189268.2,0.4940058954258847,1,0,2025-09-21T08:35:53Z,17891317569
2025-09-21T06:24:59Z,0.4976,0.4979,0.4976,0.4977,96230.4,0.4940138629948089,1,0,2025-09-21T08:35:53Z,17891317569
2025-09-21T06:25:59Z,0.4977,0.4977,0.4973,0.4974,85355.5,0.4940203286172085,1,0,2025-09-21T08:35:53Z,17891317569
2025-09-21T06:26:59Z,0.4974,0.4976,0.4974,0.4976,110796.4,0.4940291791214783,1,0,2025-09-21T08:35:53Z,17891317569
2025-09-21T06:27:59Z,0.4976,0.4977,0.4974,0.4975,131619.2,0.4940393434093993,1,0,2025-09-21T08:35:53Z,17891317569
2025-09-21T06:28:59Z,0.4976,0.498,0.4975,0.4979,29985.8,0.4940419174338523,1,0,2025-09-21T08:35:53Z,17891317569
2025-09-21T06:29:59Z,0.4979,0.4981,0.4975,0.4981,289978.0,0.494067914874684,1,0,2025-09-21T08:35:53Z,17891317569
2025-09-21T06:30:59Z,0.4981,0.4982,0.4976,0.4977,125773.8,0.4940779792260079,1,0,2025-09-21T08:35:53Z,17891317569
2025-09-21T06:31:59Z,0.4976,0.4976,0.4972,0.4974,210683.7,0.4940933275761419,1,0,2025-09-21T08:35:53Z,17891317569
2025-09-21T06:32:59Z,0.4973,0.4976,0.4971,0.4975,106382.0,0.4941012565129475,1,0,2025-09-21T08:35:53Z,17891317569
2025-09-21T06:33:59Z,0.4975,0.4979,0.4974,0.4974,85285.1,0.4941074001923132,1,0,2025-09-21T08:35:53Z,17891317569
2025-09-21T06:34:59Z,0.4974,0.4976,0.4973,0.4974,64614.7,0.4941120396235344,1,0,2025-09-21T08:35:53Z,17891317569
2025-09-21T06:35:59Z,0.4974,0.498,0.4973,0.4978,54326.2,0.494116403534042,1,0,2025-09-21T08:35:53Z,17891317569
2025-09-21T06:36:59Z,0.4977,0.4979,0.4973,0.4974,52237.7,0.4941201353501097,1,0,2025-09-21T08:35:53Z,17891317569
2025-09-21T06:37:59Z,0.4973,0.4977,0.4973,0.4973,29704.7,0.4941221890625312,1,0,2025-09-21T08:35:53Z,17891317569
2025-09-21T06:38:59Z,0.4973,0.4974,0.4971,0.4972,73971.2,0.4941271311736995,1,0,2025-09-21T08:35:53Z,17891317569
2025-09-21T06:39:59Z,0.4972,0.4972,0.4968,0.4972,278720.7,0.4941456111519991,1,0,2025-09-21T08:35:53Z,17891317569
2025-09-21T06:40:59Z,0.4973,0.4983,0.4972,0.4981,609235.8,0.4941969186958258,1,0,2025-09-21T08:35:53Z,17891317569
2025-09-21T06:41:59Z,0.4981,0.4982,0.4974,0.4977,283418.7,0.4942179362250211,1,0,2025-09-21T08:35:53Z,17891317569
2025-09-21T06:42:59Z,0.4976,0.4981,0.4976,0.498,70214.8,0.4942235494881606,1,0,2025-09-21T08:35:53Z,17891317569
2025-09-21T06:43:59Z,0.498,0.4983,0.4976,0.4981,144695.1,0.4942353695483089,1,0,2025-09-21T08:35:53Z,17891317569
2025-09-21T06:44:59Z,0.4982,0.4982,0.4978,0.4979,164819.4,0.4942480537844858,1,0,2025-09-21T08:35:53Z,17891317569
2025-09-21T06:45:59Z,0.4979,0.498,0.4975,0.4975,48451.6,0.494251359272698,1,0,2025-09-21T08:35:53Z,17891317569
2025-09-21T06:46:59Z,0.4976,0.4977,0.4972,0.4973,63038.5,0.4942553857224686,1,0,2025-09-21T08:35:53Z,17891317569
2025-09-21T06:47:59Z,0.4973,0.4974,0.4972,0.4973,112654.1,0.4942625548386101,1,0,2025-09-21T08:35:53Z,17891317569
2025-09-21T06:48:59Z,0.4974,0.4975,0.4971,0.4974,50295.0,0.4942658496531407,1,0,2025-09-21T08:35:53Z,17891317569
2025-09-21T06:49:59Z,0.4973,0.4973,0.4969,0.4969,81500.0,0.4942703246194059,1,0,2025-09-21T08:35:53Z,17891317569
2025-09-21T06:50:59Z,0.497,0.4974,0.497,0.4972,185295.4,0.4942815966342838,1,0,2025-09-21T08:35:53Z,17891317569
2025-09-21T06:51:59Z,0.4971,0.4973,0.4971,0.4973,76877.7,0.4942864072687146,1,0,2025-09-21T08:35:53Z,17891317569
2025-09-21T06:52:59Z,0.4972,0.4977,0.4972,0.4976,126003.7,0.4942950405150897,1,0,2025-09-21T08:35:53Z,17891317569
2025-09-21T06:53:59Z,0.4976,0.498,0.4975,0.4976,54367.1,0.4942987516442865,1,0,2025-09-21T08:35:53Z,17891317569
2025-09-21T06:54:59Z,0.4976,0.4977,0.4974,0.4976,132922.2,0.4943077899872791,1,0,2025-09-21T08:35:53Z,17891317569
2025-09-21T06:55:59Z,0.4976,0.4977,0.4972,0.4973,138680.3,0.4943163127651253,1,0,2025-09-21T08:35:53Z,17891317569
2025-09-21T06:56:59Z,0.4973,0.4974,0.497,0.497,79548.3,0.494320690285193,1,0,2025-09-21T08:35:53Z,17891317569
2025-09-21T06:57:59Z,0.4971,0.4973,0.4971,0.4972,26675.7,0.4943222643842499,1,0,2025-09-21T08:35:53Z,17891317569
2025-09-21T06:58:59Z,0.4971,0.4971,0.4968,0.4968,197611.9,0.4943322584137088,1,0,2025-09-21T08:35:53Z,17891317569
2025-09-21T06:59:59Z,0.4968,0.4969,0.4967,0.4968,76535.9,0.4943361075165429,1,0,2025-09-21T08:35:53Z,17891317569
2025-09-21T07:00:59Z,0.4968,0.4968,0.4964,0.4965,299766.4,0.4943492466944182,1,0,2025-09-21T08:35:53Z,17891317569
2025-09-21T07:01:59Z,0.4964,0.4966,0.496,0.4962,575693.2,0.4943705798023503,1,0,2025-09-21T08:35:53Z,17891317569
2025-09-21T07:02:59Z,0.4961,0.4966,0.496,0.4963,174769.1,0.4943773078475542,1,0,2025-09-21T08:35:53Z,17891317569
2025-09-21T07:03:59Z,0.4963,0.4965,0.4962,0.4964,77546.7,0.4943804326250472,1,0,2025-09-21T08:35:53Z,17891317569
2025-09-21T07:04:59Z,0.4964,0.4965,0.4961,0.4963,107283.5,0.494384526504662,1,0,2025-09-21T08:35:53Z,17891317569
2025-09-21T07:05:59Z,0.4963,0.4963,0.4957,0.496,362996.2,0.4943961003598125,1,0,2025-09-21T08:35:53Z,17891317569
2025-09-21T07:06:59Z,0.496,0.496,0.4952,0.4953,323599.0,0.4944018367486191,1,0,2025-09-21T08:35:53Z,17891317569
2025-09-21T07:07:59Z,0.4953,0.4955,0.4949,0.4951,365132.4,0.4944068006110658,1,0,2025-09-21T08:35:53Z,17891317569
2025-09-21T07:08:59Z,0.495,0.4956,0.4949,0.4956,345710.9,0.4944147791749623,1,0,2025-09-21T08:35:53Z,17891317569
2025-09-21T07:09:59Z,0.4955,0.4963,0.4955,0.4963,207493.6,0.4944223149182258,1,0,2025-09-21T08:35:53Z,17891317569
2025-09-21T07:10:59Z,0.4962,0.4966,0.4962,0.4964,189880.1,0.4944295228392072,1,0,2025-09-21T08:35:53Z,17891317569
2025-09-21T07:11:59Z,0.4964,0.497,0.4964,0.497,187629.3,0.4944387469936765,1,0,2025-09-21T08:35:53Z,17891317569
2025-09-21T07:12:59Z,0.497,0.4971,0.4968,0.497,157876.6,0.4944464573250681,1,0,2025-09-21T08:35:53Z,17891317569
2025-09-21T07:13:59Z,0.497,0.497,0.4966,0.4967,101717.0,0.4944508196761712,1,0,2025-09-21T08:35:53Z,17891317569
2025-09-21T07:14:59Z,0.4966,0.4968,0.4964,0.4967,114968.9,0.4944557300748374,1,0,2025-09-21T08:35:53Z,17891317569
2025-09-21T07:15:59Z,0.4967,0.4968,0.4963,0.4963,205990.9,0.4944629161064935,1,0,2025-09-21T08:35:53Z,17891317569
2025-09-21T07:16:59Z,0.4964,0.4964,0.4958,0.4959,220215.3,0.4944688774058939,1,0,2025-09-21T08:35:53Z,17891317569
2025-09-21T07:17:59Z,0.4958,0.4959,0.4955,0.4956,112135.5,0.4944712616336204,1,0,2025-09-21T08:35:53Z,17891317569
2025-09-21T07:18:59Z,0.4957,0.4963,0.4956,0.4963,94552.3,0.4944745061308607,1,0,2025-09-21T08:35:53Z,17891317569
2025-09-21T07:19:59Z,0.4963,0.4966,0.4962,0.4966,49837.8,0.4944764919354625,1,0,2025-09-21T08:35:53Z,17891317569
2025-09-21T07:20:59Z,0.4966,0.4973,0.4966,0.4968,192420.6,0.4944848431526172,1,0,2025-09-21T08:35:53Z,17891317569
2025-09-21T07:21:59Z,0.4968,0.497,0.4965,0.4968,125694.3,0.4944902660522829,1,0,2025-09-21T08:35:53Z,17891317569
2025-09-21T07:22:59Z,0.4968,0.497,0.4967,0.4969,62001.9,0.4944930470981852,1,0,2025-09-21T08:35:53Z,17891317569
2025-09-21T07:23:59Z,0.4969,0.4969,0.4963,0.4965,153630.8,0.4944987699088709,1,0,2025-09-21T08:35:53Z,17891317569
2025-09-21T07:24:59Z,0.4965,0.4965,0.4962,0.4964,88248.3,0.4945018789335095,1,0,2025-09-21T08:35:53Z,17891317569
2025-09-21T07:25:59Z,0.4964,0.4972,0.4963,0.4971,63538.0,0.4945049343121078,1,0,2025-09-21T08:35:53Z,17891317569
2025-09-21T07:26:59Z,0.4971,0.4972,0.497,0.497,142268.8,0.4945114870332123,1,0,2025-09-21T08:35:53Z,17891317569
2025-09-21T07:27:59Z,0.4971,0.4973,0.4969,0.4969,136698.0,0.4945174991202877,1,0,2025-09-21T08:35:53Z,17891317569
2025-09-21T07:28:59Z,0.4969,0.4971,0.4968,0.4971,72413.6,0.4945209380034354,1,0,2025-09-21T08:35:53Z,17891317569
2025-09-21T07:29:59Z,0.4971,0.4971,0.4968,0.4968,61273.0,0.4945235030368189,1,0,2025-09-21T08:35:53Z,17891317569
2025-09-21T07:30:59Z,0.4969,0.497,0.4967,0.4968,67519.4,0.4945263228809542,1,0,2025-09-21T08:35:53Z,17891317569
2025-09-21T07:31:59Z,0.4968,0.4968,0.4966,0.4967,64007.3,0.4945288723182013,1,0,2025-09-21T08:35:53Z,17891317569
2025-09-21T07:32:59Z,0.4967,0.497,0.4966,0.4967,115801.8,0.4945334695868667,1,0,2025-09-21T08:35:53Z,17891317569
2025-09-21T07:33:59Z,0.4967,0.4968,0.4965,0.4967,69810.4,0.4945362316277647,1,0,2025-09-21T08:35:53Z,17891317569
2025-09-21T07:34:59Z,0.4967,0.4967,0.4963,0.4965,115021.1,0.4945403478772323,1,0,2025-09-21T08:35:53Z,17891317569
2025-09-21T07:35:59Z,0.4966,0.4966,0.4962,0.4963,33225.5,0.4945414126804928,1,0,2025-09-21T08:35:53Z,17891317569
2025-09-21T07:36:59Z,0.4964,0.4964,0.4961,0.4962,28187.6,0.4945422637099133,1,0,2025-09-21T08:35:53Z,17891317569
