ts_utc,binance_oi_contracts,binance_oi_usd,bybit_oi_contracts,total_oi_usd
2025-08-19T23:00:00Z,,,,
2025-08-20T00:00:00Z,164662665.0,77870281.7000601,,77870281.7000601
2025-08-20T01:00:00Z,166474969.1,79175495.30396,,79175495.30396
2025-08-20T02:00:00Z,166440812.6,80132100.35102326,,80132100.35102326
2025-08-20T03:00:00Z,166020206.1,80272595.8716171,,80272595.8716171
2025-08-20T04:00:00Z,165780713.1,79922881.78551,,79922881.78551
2025-08-20T05:00:00Z,164202878.5,79950381.54165,,79950381.54165
2025-08-20T06:00:00Z,163044711.5,79537623.89004031,,79537623.89004031
2025-08-20T07:00:00Z,163226553.6,78920038.6656,,78920038.6656
2025-08-20T08:00:00Z,165043383.6,79492747.95638552,,79492747.95638552
2025-08-20T09:00:00Z,165805731.6,82242105.08871426,,82242105.08871426
2025-08-20T10:00:00Z,164197022.4,80292343.9536,,80292343.9536
2025-08-20T11:00:00Z,164577707.5,81433049.671,,81433049.671
2025-08-20T12:00:00Z,163483917.9,79676243.19182193,,79676243.19182193
2025-08-20T13:00:00Z,162290680.2,78825490.57804231,,78825490.57804231
2025-08-20T14:00:00Z,162343808.9,77477577.88934791,,77477577.88934791
2025-08-20T15:00:00Z,163380692.6,79974849.0277,,79974849.0277
2025-08-20T16:00:00Z,163403524.9,81746760.51268697,,81746760.51268697
2025-08-20T17:00:00Z,163411755.9,83457122.51915888,,83457122.51915888
2025-08-20T18:00:00Z,163088664.8,84169275.44680232,,84169275.44680232
2025-08-20T19:00:00Z,162593588.0,82635440.01749104,,82635440.01749104
2025-08-20T20:00:00Z,164547760.3,84594003.57023,,84594003.57023
2025-08-20T21:00:00Z,163912716.2,83923310.6944,,83923310.6944
2025-08-20T22:00:00Z,163282358.5,83678818.98948754,,83678818.98948754
2025-08-20T23:00:00Z,163099428.5,83963585.7918,,83963585.7918
2025-08-21T00:00:00Z,163105488.5,83708799.81927402,,83708799.81927402
2025-08-21T01:00:00Z,163966416.1,84400074.66297816,,84400074.66297816
2025-08-21T02:00:00Z,163567151.4,84864765.37181145,,84864765.37181145
2025-08-21T03:00:00Z,164298070.1,83276045.87675445,,83276045.87675445
2025-08-21T04:00:00Z,165126213.2,84759285.23556,,84759285.23556
2025-08-21T05:00:00Z,166248513.1,84686992.57314,,84686992.57314
2025-08-21T06:00:00Z,166069549.5,85160464.9836,,85160464.9836
2025-08-21T07:00:00Z,165817877.2,84550535.58428,,84550535.58428
2025-08-21T08:00:00Z,165584211.9,83553905.92200409,,83553905.92200409
2025-08-21T09:00:00Z,165452989.4,82484680.19240221,,82484680.19240221
2025-08-21T10:00:00Z,164697433.7,81823318.8607023,,81823318.8607023
2025-08-21T11:00:00Z,164937650.6,81993257.27327201,,81993257.27327201
2025-08-21T12:00:00Z,163818248.4,81262795.68276264,,81262795.68276264
2025-08-21T13:00:00Z,162967989.9,80182455.98770335,,80182455.98770335
2025-08-21T14:00:00Z,161072415.5,79505344.2908,,79505344.2908
2025-08-21T15:00:00Z,160887354.7,79574885.63462,,79574885.63462
2025-08-21T16:00:00Z,159683883.9,77973640.50837,,77973640.50837
2025-08-21T17:00:00Z,159783600.9,77862548.71857,,77862548.71857
2025-08-21T18:00:00Z,160198998.1,78734329.64590125,,78734329.64590125
2025-08-21T19:00:00Z,159252768.7,78636008.89925925,,78636008.89925925
2025-08-21T20:00:00Z,159503050.3,78268146.78221,,78268146.78221
2025-08-21T21:00:00Z,158587763.5,78231343.73455,,78231343.73455
2025-08-21T22:00:00Z,158329370.3,78863859.34643,,78863859.34643
2025-08-21T23:00:00Z,158543815.9,79721477.96524236,,79721477.96524236
2025-08-22T00:00:00Z,159310991.4,79034182.83354,,79034182.83354
2025-08-22T01:00:00Z,159589907.2,78741660.21248,,78741660.21248
2025-08-22T02:00:00Z,160866517.1,80224132.07777,,80224132.07777
2025-08-22T03:00:00Z,163358068.6,82109074.4155895,,82109074.4155895
2025-08-22T04:00:00Z,163613489.9,81811170.6949018,,81811170.6949018
2025-08-22T05:00:00Z,163973510.9,82044133.06093413,,82044133.06093413
2025-08-22T06:00:00Z,164130909.5,81706418.38546875,,81706418.38546875
2025-08-22T07:00:00Z,162211346.5,80132405.171,,80132405.171
2025-08-22T08:00:00Z,165270253.6,83346608.63093786,,83346608.63093786
2025-08-22T09:00:00Z,164939095.4,82848907.61942,,82848907.61942
2025-08-22T10:00:00Z,164088424.5,82029322.86636087,,82029322.86636087
2025-08-22T11:00:00Z,163206176.0,80640171.5616,,80640171.5616
2025-08-22T12:00:00Z,163384708.3,79519337.52961,,79519337.52961
2025-08-22T13:00:00Z,166321792.3,79784563.76631,,79784563.76631
2025-08-22T14:00:00Z,166063566.9,81221690.57079,,81221690.57079
2025-08-22T15:00:00Z,161508869.5,85934679.92087518,,85934679.92087518
2025-08-22T16:00:00Z,163552004.1,88064939.6930941,,88064939.6930941
2025-08-22T17:00:00Z,164449725.5,92503098.86453588,,92503098.86453588
2025-08-22T18:00:00Z,164224611.0,93412775.06099766,,93412775.06099766
2025-08-22T19:00:00Z,164657112.4,95852353.63188931,,95852353.63188931
2025-08-22T20:00:00Z,162999896.3,97338470.40358403,,97338470.40358403
2025-08-22T21:00:00Z,169631164.9,101402752.17447872,,101402752.17447872
2025-08-22T22:00:00Z,171923467.6,100936267.82796,,100936267.82796
2025-08-22T23:00:00Z,172548040.6,100871584.53476,,100871584.53476
2025-08-23T00:00:00Z,173479436.8,101827875.566384,,101827875.566384
2025-08-23T01:00:00Z,174643438.8,101287866.13268222,,101287866.13268222
2025-08-23T02:00:00Z,174313682.1,101057461.225149,,101057461.225149
2025-08-23T03:00:00Z,175668249.8,101498950.50160249,,101498950.50160249
2025-08-23T04:00:00Z,173084219.0,100269003.5067644,,100269003.5067644
2025-08-23T05:00:00Z,172815508.7,100966645.26877394,,100966645.26877394
2025-08-23T06:00:00Z,172308189.2,100718509.7692419,,100718509.7692419
2025-08-23T07:00:00Z,172848014.0,102125708.99609526,,102125708.99609526
2025-08-23T08:00:00Z,173949840.2,101459413.66273844,,101459413.66273844
2025-08-23T09:00:00Z,174349767.4,101440971.47311433,,101440971.47311433
2025-08-23T10:00:00Z,176876241.2,105194158.78274857,,105194158.78274857
2025-08-23T11:00:00Z,176338974.6,103546245.88512,,103546245.88512
2025-08-23T12:00:00Z,177098508.6,103781162.30850476,,103781162.30850476
2025-08-23T13:00:00Z,178435231.3,105046622.86214612,,105046622.86214612
2025-08-23T14:00:00Z,179662961.9,105089347.20957978,,105089347.20957978
2025-08-23T15:00:00Z,180113462.7,106194897.60792,,106194897.60792
2025-08-23T16:00:00Z,181379182.2,108010889.4555646,,108010889.4555646
2025-08-23T17:00:00Z,180320231.5,106124064.19694965,,106124064.19694965
2025-08-23T18:00:00Z,179814956.8,106785845.28302336,,106785845.28302336
2025-08-23T19:00:00Z,180102918.5,106728989.5031,,106728989.5031
2025-08-23T20:00:00Z,183539689.4,111346687.19935916,,111346687.19935916
2025-08-23T21:00:00Z,182568828.3,109057736.0529232,,109057736.0529232
2025-08-23T22:00:00Z,183127212.3,109443586.78970236,,109443586.78970236
2025-08-23T23:00:00Z,184328431.4,112864298.54622,,112864298.54622
2025-08-24T00:00:00Z,185900257.2,113975447.68932,,113975447.68932
2025-08-24T01:00:00Z,184958416.4,112100327.59745678,,112100327.59745678
2025-08-24T02:00:00Z,183298814.5,109666854.0376966,,109666854.0376966
2025-08-24T03:00:00Z,182788484.2,109746205.91368,,109746205.91368
2025-08-24T04:00:00Z,179794900.1,106762211.67938,,106762211.67938
2025-08-24T05:00:00Z,178714917.6,105902510.57008104,,105902510.57008104
2025-08-24T06:00:00Z,175687411.8,102935451.34352122,,102935451.34352122
2025-08-24T07:00:00Z,172728390.0,99465593.2902669,,99465593.2902669
2025-08-24T08:00:00Z,171892267.8,99059793.29153933,,99059793.29153933
2025-08-24T09:00:00Z,171585493.9,99536745.01139,,99536745.01139
2025-08-24T10:00:00Z,169894450.3,97842213.92777,,97842213.92777
2025-08-24T11:00:00Z,173176760.9,98392212.37900054,,98392212.37900054
2025-08-24T12:00:00Z,172207625.3,98336081.91107212,,98336081.91107212
2025-08-24T13:00:00Z,169831432.0,96951849.60715792,,96951849.60715792
2025-08-24T14:00:00Z,168305149.0,96392805.45433658,,96392805.45433658
2025-08-24T15:00:00Z,166636616.1,96648002.5606747,,96648002.5606747
2025-08-24T16:00:00Z,163936913.6,95491757.06734796,,95491757.06734796
2025-08-24T17:00:00Z,163891472.4,95188167.16992,,95188167.16992
2025-08-24T18:00:00Z,167577914.1,99425077.42242564,,99425077.42242564
2025-08-24T19:00:00Z,167907511.9,101175626.46755444,,101175626.46755444
2025-08-24T20:00:00Z,160683687.4,93793997.5990013,,93793997.5990013
2025-08-24T21:00:00Z,158855667.1,92007874.35094304,,92007874.35094304
2025-08-24T22:00:00Z,158135015.3,91749935.87706,,91749935.87706
2025-08-24T23:00:00Z,159074384.9,92438125.06539,,92438125.06539
2025-08-25T00:00:00Z,158375149.5,91695315.5318223,,91695315.5318223
2025-08-25T01:00:00Z,158874620.0,90844507.716,,90844507.716
2025-08-25T02:00:00Z,159745662.9,92652484.482,,92652484.482
2025-08-25T03:00:00Z,160804560.9,93890549.3297903,,93890549.3297903
2025-08-25T04:00:00Z,160506820.4,92397510.31801158,,92397510.31801158
2025-08-25T05:00:00Z,159899105.2,91030560.59036,,91030560.59036
2025-08-25T06:00:00Z,160193083.5,91044686.5386664,,91044686.5386664
2025-08-25T07:00:00Z,159924603.7,89125981.64201,,89125981.64201
2025-08-25T08:00:00Z,162152005.7,88888885.37856002,,88888885.37856002
2025-08-25T09:00:00Z,162857598.4,89845587.68617298,,89845587.68617298
2025-08-25T10:00:00Z,163018472.9,90035102.58267,,90035102.58267
2025-08-25T11:00:00Z,164116037.8,88793272.16257612,,88793272.16257612
2025-08-25T12:00:00Z,163375544.9,89192189.57668595,,89192189.57668595
2025-08-25T13:00:00Z,163297427.9,89503320.23199,,89503320.23199
2025-08-25T14:00:00Z,162729786.0,88931828.049,,88931828.049
2025-08-25T15:00:00Z,162702664.6,89300703.01674624,,89300703.01674624
2025-08-25T16:00:00Z,162659277.3,88258923.86298,,88258923.86298
2025-08-25T17:00:00Z,163438462.0,88391470.55722654,,88391470.55722654
2025-08-25T18:00:00Z,162547279.4,87270883.34142917,,87270883.34142917
2025-08-25T19:00:00Z,162941772.4,87031945.50325228,,87031945.50325228
2025-08-25T20:00:00Z,163662308.4,85453695.01307961,,85453695.01307961
2025-08-25T21:00:00Z,164311649.9,84094702.41882,,84094702.41882
2025-08-25T22:00:00Z,163132674.4,83574767.95945002,,83574767.95945002
2025-08-25T23:00:00Z,162984187.4,84653986.93556,,84653986.93556
2025-08-26T00:00:00Z,161708062.9,83622717.66602299,,83622717.66602299
2025-08-26T01:00:00Z,165518621.8,85588009.24988604,,85588009.24988604
2025-08-26T02:00:00Z,164934714.3,88162414.28961898,,88162414.28961898
2025-08-26T03:00:00Z,164712736.8,87532975.11629671,,87532975.11629671
2025-08-26T04:00:00Z,163982349.3,87006273.0758178,,87006273.0758178
2025-08-26T05:00:00Z,164649183.4,87379321.63038,,87379321.63038
2025-08-26T06:00:00Z,166154830.6,87930301.09888251,,87930301.09888251
2025-08-26T07:00:00Z,164962717.8,86836374.64992,,86836374.64992
2025-08-26T08:00:00Z,164802933.4,87098350.3019,,87098350.3019
2025-08-26T09:00:00Z,165661576.9,87237386.39554,,87237386.39554
2025-08-26T10:00:00Z,166006807.0,87262397.77726078,,87262397.77726078
2025-08-26T11:00:00Z,167160328.8,88436061.62582299,,88436061.62582299
2025-08-26T12:00:00Z,167577341.5,88246228.0339,,88246228.0339
2025-08-26T13:00:00Z,166610981.7,89002864.99858923,,89002864.99858923
2025-08-26T14:00:00Z,166443719.3,88596507.10541384,,88596507.10541384
2025-08-26T15:00:00Z,169325704.3,91306882.92069311,,91306882.92069311
2025-08-26T16:00:00Z,167858108.3,89459648.13801165,,89459648.13801165
2025-08-26T17:00:00Z,167978255.3,89603921.77774632,,89603921.77774632
2025-08-26T18:00:00Z,168288089.3,88957084.00398,,88957084.00398
2025-08-26T19:00:00Z,168510711.6,89333609.77074164,,89333609.77074164
2025-08-26T20:00:00Z,168490985.0,90513357.142,,90513357.142
2025-08-26T21:00:00Z,169085694.9,90241035.36813,,90241035.36813
2025-08-26T22:00:00Z,169203193.8,90569990.83260012,,90569990.83260012
2025-08-26T23:00:00Z,168574097.2,90203999.41172,,90203999.41172
2025-08-27T00:00:00Z,168907180.4,89510971.83595711,,89510971.83595711
2025-08-27T01:00:00Z,168227840.6,87461654.32794,,87461654.32794
2025-08-27T02:00:00Z,168997841.3,88530416.5435423,,88530416.5435423
2025-08-27T03:00:00Z,167865157.8,88020528.58453712,,88020528.58453712
2025-08-27T04:00:00Z,167181258.4,88154677.55432,,88154677.55432
2025-08-27T05:00:00Z,167723433.2,88937202.12100253,,88937202.12100253
2025-08-27T06:00:00Z,168312102.3,88387405.61997484,,88387405.61997484
2025-08-27T07:00:00Z,170349430.3,88769088.12933,,88769088.12933
2025-08-27T08:00:00Z,169973625.7,87949504.13803871,,87949504.13803871
2025-08-27T09:00:00Z,170596205.7,88041600.32275037,,88041600.32275037
2025-08-27T10:00:00Z,171015484.1,88130011.39575703,,88130011.39575703
2025-08-27T11:00:00Z,172686059.2,88985126.30576,,88985126.30576
2025-08-27T12:00:00Z,172840110.4,89945993.45216,,89945993.45216
2025-08-27T13:00:00Z,172700386.1,89775057.58184563,,89775057.58184563
2025-08-27T14:00:00Z,173219255.3,89762218.09646,,89762218.09646
2025-08-27T15:00:00Z,174671870.4,90810179.66288044,,90810179.66288044
2025-08-27T16:00:00Z,174969333.5,91368985.9537,,91368985.9537
2025-08-27T17:00:00Z,174724341.0,90809754.31790195,,90809754.31790195
2025-08-27T18:00:00Z,175244650.1,91267413.77208,,91267413.77208
2025-08-27T19:00:00Z,175446436.7,90169704.86959764,,90169704.86959764
2025-08-27T20:00:00Z,173591080.0,88426487.2175672,,88426487.2175672
2025-08-27T21:00:00Z,173462474.8,89106814.66550975,,89106814.66550975
2025-08-27T22:00:00Z,173529034.7,87840397.36514,,87840397.36514
2025-08-27T23:00:00Z,173257584.7,87732522.86302796,,87732522.86302796
2025-08-28T00:00:00Z,172647125.8,87201278.44344084,,87201278.44344084
2025-08-28T01:00:00Z,172824870.8,87305679.01648109,,87305679.01648109
2025-08-28T02:00:00Z,172874733.7,87820364.7196,,87820364.7196
2025-08-28T03:00:00Z,172966904.0,88213121.04,,88213121.04
2025-08-28T04:00:00Z,173668364.1,89005036.60125,,89005036.60125
2025-08-28T05:00:00Z,174134561.9,90163928.05368704,,90163928.05368704
2025-08-28T06:00:00Z,173654908.5,89581982.30101968,,89581982.30101968
2025-08-28T07:00:00Z,174209082.5,90140862.70652737,,90140862.70652737
2025-08-28T08:00:00Z,175055602.9,91256485.79177,,91256485.79177
2025-08-28T09:00:00Z,173845249.2,91199217.73032,,91199217.73032
2025-08-28T10:00:00Z,172560412.7,89603906.26384771,,89603906.26384771
2025-08-28T11:00:00Z,174189675.4,91188295.0719,,91188295.0719
2025-08-28T12:00:00Z,174462368.4,91139141.25216,,91139141.25216
2025-08-28T13:00:00Z,172975204.1,90085486.29528,,90085486.29528
2025-08-28T14:00:00Z,174194299.2,91132426.7348017,,91132426.7348017
2025-08-28T15:00:00Z,174515255.5,91725218.2908,,91725218.2908
2025-08-28T16:00:00Z,173731259.8,89366877.06821775,,89366877.06821775
2025-08-28T17:00:00Z,173353505.9,87466374.70230438,,87466374.70230438
2025-08-28T18:00:00Z,173569985.7,88572763.70271,,88572763.70271
2025-08-28T19:00:00Z,173249571.8,89402976.18598329,,89402976.18598329
2025-08-28T20:00:00Z,172341427.5,87940339.65536985,,87940339.65536985
2025-08-28T21:00:00Z,171728310.9,87942068.01189,,87942068.01189
2025-08-28T22:00:00Z,172026325.4,88731178.64132,,88731178.64132
2025-08-28T23:00:00Z,172492393.5,90316368.66520044,,90316368.66520044
2025-08-29T00:00:00Z,172186490.1,90099561.49296863,,90099561.49296863
2025-08-29T01:00:00Z,172054730.9,89096531.07676078,,89096531.07676078
2025-08-29T02:00:00Z,171923269.9,88093483.49676,,88093483.49676
2025-08-29T03:00:00Z,172614730.2,88920764.19825912,,88920764.19825912
2025-08-29T04:00:00Z,172858310.6,89079093.94449528,,89079093.94449528
2025-08-29T05:00:00Z,173285484.9,89172710.52954,,89172710.52954
2025-08-29T06:00:00Z,171254562.7,88024845.2278,,88024845.2278
2025-08-29T07:00:00Z,171849390.0,87162010.608,,87162010.608
2025-08-29T08:00:00Z,174468361.0,86537407.95135792,,86537407.95135792
2025-08-29T09:00:00Z,174393511.9,85593847.63226818,,85593847.63226818
2025-08-29T10:00:00Z,175592020.5,86190656.69073834,,86190656.69073834
2025-08-29T11:00:00Z,176194788.7,86934508.74458,,86934508.74458
2025-08-29T12:00:00Z,175362033.0,86576235.6921,,86576235.6921
2025-08-29T13:00:00Z,172307534.9,86550074.78027,,86550074.78027
2025-08-29T14:00:00Z,172201909.8,85308826.11492,,85308826.11492
2025-08-29T15:00:00Z,173155511.6,85732195.87953442,,85732195.87953442
2025-08-29T16:00:00Z,172596986.4,85435508.268,,85435508.268
2025-08-29T17:00:00Z,172515971.2,85015870.60736,,85015870.60736
2025-08-29T18:00:00Z,173101876.7,84962375.50344904,,84962375.50344904
2025-08-29T19:00:00Z,173008560.3,84072451.06539597,,84072451.06539597
2025-08-29T20:00:00Z,169979290.4,83047925.87135239,,83047925.87135239
2025-08-29T21:00:00Z,170216007.3,82707932.4146689,,82707932.4146689
2025-08-29T22:00:00Z,169572877.6,83565310.59382688,,83565310.59382688
2025-08-29T23:00:00Z,168680601.5,82872779.51695,,82872779.51695
2025-08-30T00:00:00Z,168276090.7,82539422.48835,,82539422.48835
2025-08-30T01:00:00Z,168569560.8,82228231.75824,,82228231.75824
2025-08-30T02:00:00Z,169008685.2,81204008.59888849,,81204008.59888849
2025-08-30T03:00:00Z,169020317.1,82160776.14231,,82160776.14231
2025-08-30T04:00:00Z,168876376.7,83036514.42339,,83036514.42339
2025-08-30T05:00:00Z,169031989.7,82690440.90964052,,82690440.90964052
2025-08-30T06:00:00Z,168947431.8,83257294.39104,,83257294.39104
2025-08-30T07:00:00Z,168394179.6,83739936.64910552,,83739936.64910552
2025-08-30T08:00:00Z,169253871.0,84660786.2742,,84660786.2742
2025-08-30T09:00:00Z,168956545.5,84045661.2048127,,84045661.2048127
2025-08-30T10:00:00Z,168800710.0,83674511.947,,83674511.947
2025-08-30T11:00:00Z,170465871.6,85625007.30468,,85625007.30468
2025-08-30T12:00:00Z,170889738.0,85462175.00376727,,85462175.00376727
2025-08-30T13:00:00Z,171471356.6,85392814.46362403,,85392814.46362403
2025-08-30T14:00:00Z,171220576.3,85098360.88553792,,85098360.88553792
2025-08-30T15:00:00Z,171944377.9,85834633.44768,,85834633.44768
2025-08-30T16:00:00Z,171707929.0,85510548.642,,85510548.642
2025-08-30T17:00:00Z,170974311.8,84531341.10731328,,84531341.10731328
2025-08-30T18:00:00Z,170455867.6,84279946.90145995,,84279946.90145995
2025-08-30T19:00:00Z,170442441.4,84107340.14368948,,84107340.14368948
2025-08-30T20:00:00Z,170672460.5,84457948.06154239,,84457948.06154239
2025-08-30T21:00:00Z,170364881.3,84234145.42581506,,84234145.42581506
2025-08-30T22:00:00Z,170034814.3,84181743.84955236,,84181743.84955236
2025-08-30T23:00:00Z,169786778.0,84451943.3772,,84451943.3772
2025-08-31T00:00:00Z,169675616.7,84659491.15414147,,84659491.15414147
2025-08-31T01:00:00Z,171037930.3,86682023.07604,,86682023.07604
2025-08-31T02:00:00Z,172346721.6,87638307.9336,,87638307.9336
2025-08-31T03:00:00Z,170658074.0,87192189.69657204,,87192189.69657204
2025-08-31T04:00:00Z,169839381.4,87093634.78192,,87093634.78192
2025-08-31T05:00:00Z,168639731.5,86832779.88026002,,86832779.88026002
2025-08-31T06:00:00Z,168419837.3,86708410.09436177,,86708410.09436177
2025-08-31T07:00:00Z,167937819.4,85446762.51072,,85446762.51072
2025-08-31T08:00:00Z,168675877.6,85872889.28616,,85872889.28616
2025-08-31T09:00:00Z,168623710.6,86985072.27769838,,86985072.27769838
2025-08-31T10:00:00Z,168403797.1,86039840.7511697,,86039840.7511697
2025-08-31T11:00:00Z,168620154.6,85878244.73778,,85878244.73778
2025-08-31T12:00:00Z,167976126.4,86188550.45584,,86188550.45584
2025-08-31T13:00:00Z,166641291.9,85191731.03653742,,85191731.03653742
2025-08-31T14:00:00Z,166580749.4,84423123.79592,,84423123.79592
2025-08-31T15:00:00Z,164912576.4,83015369.869134,,83015369.869134
2025-08-31T16:00:00Z,164803762.9,83581159.49599539,,83581159.49599539
2025-08-31T17:00:00Z,164677247.9,83178477.91429,,83178477.91429
2025-08-31T18:00:00Z,165707445.6,83770023.66241314,,83770023.66241314
2025-08-31T19:00:00Z,165908152.8,84515645.4111918,,84515645.4111918
2025-08-31T20:00:00Z,165259934.3,83443454.21879372,,83443454.21879372
2025-08-31T21:00:00Z,166045322.1,84348972.96707207,,84348972.96707207
2025-08-31T22:00:00Z,166097574.8,84394177.75588,,84394177.75588
2025-08-31T23:00:00Z,166150266.9,83685677.52826409,,83685677.52826409
2025-09-01T00:00:00Z,165289813.1,82020934.19975124,,82020934.19975124
2025-09-01T01:00:00Z,163109884.4,80152197.19416,,80152197.19416
2025-09-01T02:00:00Z,162430474.7,80256897.54927,,80256897.54927
2025-09-01T03:00:00Z,161556467.3,78791089.10221,,78791089.10221
2025-09-01T04:00:00Z,163575048.7,79741411.50257583,,79741411.50257583
2025-09-01T05:00:00Z,163804909.7,79412620.22256,,79412620.22256
2025-09-01T06:00:00Z,165028052.2,80467678.25272,,80467678.25272
2025-09-01T07:00:00Z,164669404.9,81553718.27660458,,81553718.27660458
2025-09-01T08:00:00Z,162837383.0,82395715.798,,82395715.798
2025-09-01T09:00:00Z,162377504.7,82698863.14371,,82698863.14371
2025-09-01T10:00:00Z,161871188.5,82003944.0941,,82003944.0941
2025-09-01T11:00:00Z,161186877.5,81093118.07025,,81093118.07025
2025-09-01T12:00:00Z,160623930.5,79685531.92105,,79685531.92105
2025-09-01T13:00:00Z,162190463.4,80367330.63168861,,80367330.63168861
2025-09-01T14:00:00Z,161024145.4,79366566.25252184,,79366566.25252184
2025-09-01T15:00:00Z,161692500.3,79536540.89757,,79536540.89757
2025-09-01T16:00:00Z,162079906.0,79013954.175,,79013954.175
2025-09-01T17:00:00Z,162428870.8,78891702.54756,,78891702.54756
2025-09-01T18:00:00Z,163165648.3,78728066.54574782,,78728066.54574782
2025-09-01T19:00:00Z,163483115.6,79599928.98564,,79599928.98564
2025-09-01T20:00:00Z,163931139.6,80083291.14406465,,80083291.14406465
2025-09-01T21:00:00Z,163231974.2,77780035.7063,,77780035.7063
2025-09-01T22:00:00Z,162413930.6,76770406.27857608,,76770406.27857608
2025-09-01T23:00:00Z,163759917.6,77160214.5636603,,77160214.5636603
2025-09-02T00:00:00Z,163995615.9,78213451.67731623,,78213451.67731623
2025-09-02T01:00:00Z,164461993.6,78366139.9504,,78366139.9504
2025-09-02T02:00:00Z,164689931.2,79265263.88656,,79265263.88656
2025-09-02T03:00:00Z,164513239.4,80638271.70650671,,80638271.70650671
2025-09-02T04:00:00Z,164227200.3,80586287.18721,,80586287.18721
2025-09-02T05:00:00Z,163957884.0,81011590.4844,,81011590.4844
2025-09-02T06:00:00Z,164368581.9,80849601.6281138,,80849601.6281138
2025-09-02T07:00:00Z,164603592.4,81303317.3926453,,81303317.3926453
2025-09-02T08:00:00Z,165189584.4,80645555.10408,,80645555.10408
2025-09-02T09:00:00Z,164974150.4,80611759.59093356,,80611759.59093356
2025-09-02T10:00:00Z,165740506.4,81544329.1488,,81544329.1488
2025-09-02T11:00:00Z,166124819.0,81638595.20755576,,81638595.20755576
2025-09-02T12:00:00Z,165283874.8,80608945.73996,,80608945.73996
2025-09-02T13:00:00Z,164600378.0,78497920.2682,,78497920.2682
2025-09-02T14:00:00Z,164710118.0,81643101.16204618,,81643101.16204618
2025-09-02T15:00:00Z,165164832.3,81574910.67297,,81574910.67297
2025-09-02T16:00:00Z,164374152.0,79622839.2288,,79622839.2288
2025-09-02T17:00:00Z,164804762.8,80441204.72268,,80441204.72268
2025-09-02T18:00:00Z,165639772.6,81478204.14194,,81478204.14194
2025-09-02T19:00:00Z,165463277.3,81077005.877,,81077005.877
2025-09-02T20:00:00Z,165717982.5,80904266.44460107,,80904266.44460107
2025-09-02T21:00:00Z,164932132.0,81971269.604,,81971269.604
2025-09-02T22:00:00Z,164331421.6,82417315.35298333,,82417315.35298333
2025-09-02T23:00:00Z,164799525.3,83009520.89361,,83009520.89361
2025-09-03T00:00:00Z,165537039.5,83183188.3785771,,83183188.3785771
2025-09-03T01:00:00Z,166063402.9,82784947.83963089,,82784947.83963089
2025-09-03T02:00:00Z,166111689.2,83488030.67072678,,83488030.67072678
2025-09-03T03:00:00Z,166156985.5,83565297.82454805,,83565297.82454805
2025-09-03T04:00:00Z,166686003.0,83867215.64455476,,83867215.64455476
2025-09-03T05:00:00Z,166656582.8,83641484.11635856,,83641484.11635856
2025-09-03T06:00:00Z,167336692.3,83250004.41925,,83250004.41925
2025-09-03T07:00:00Z,166572525.9,82739656.8719844,,82739656.8719844
2025-09-03T08:00:00Z,166383327.8,82625960.58548,,82625960.58548
2025-09-03T09:00:00Z,165856931.5,82215280.94455,,82215280.94455
2025-09-03T10:00:00Z,166106405.3,82991683.4817331,,82991683.4817331
2025-09-03T11:00:00Z,165459862.6,82730960.46034537,,82730960.46034537
2025-09-03T12:00:00Z,166508626.7,83399723.66861084,,83399723.66861084
2025-09-03T13:00:00Z,166145364.7,82875994.4829072,,82875994.4829072
2025-09-03T14:00:00Z,166605957.7,84285954.00043,,84285954.00043
2025-09-03T15:00:00Z,167671577.8,86602369.9337,,86602369.9337
2025-09-03T16:00:00Z,168785791.9,86941561.40769,,86941561.40769
2025-09-03T17:00:00Z,168926755.1,86395180.00036727,,86395180.00036727
2025-09-03T18:00:00Z,170211056.8,87324455.90609354,,87324455.90609354
2025-09-03T19:00:00Z,170228683.9,87208287.54034345,,87208287.54034345
2025-09-03T20:00:00Z,170601822.0,87791697.6012,,87791697.6012
2025-09-03T21:00:00Z,170554477.2,87609119.10634542,,87609119.10634542
2025-09-03T22:00:00Z,170600711.7,87708245.0030619,,87708245.0030619
2025-09-03T23:00:00Z,170535615.0,87450663.372,,87450663.372
2025-09-04T00:00:00Z,170235355.7,86820031.407,,86820031.407
2025-09-04T01:00:00Z,171271876.9,87764063.4546708,,87764063.4546708
2025-09-04T02:00:00Z,171049629.1,87632941.36128731,,87632941.36128731
2025-09-04T03:00:00Z,169649615.4,85825740.43086,,85825740.43086
2025-09-04T04:00:00Z,169382304.5,85131546.2417,,85131546.2417
2025-09-04T05:00:00Z,169300826.2,84933426.51912549,,84933426.51912549
2025-09-04T06:00:00Z,167712799.9,83252633.87036,,83252633.87036
2025-09-04T07:00:00Z,167073854.7,82386700.71436366,,82386700.71436366
2025-09-04T08:00:00Z,166709307.2,82587790.78688,,82587790.78688
2025-09-04T09:00:00Z,167573491.5,82926146.94837803,,82926146.94837803
2025-09-04T10:00:00Z,167672794.8,83316611.73612,,83316611.73612
2025-09-04T11:00:00Z,167574262.5,83418658.90715925,,83418658.90715925
2025-09-04T12:00:00Z,167538994.1,83116094.97301,,83116094.97301
2025-09-04T13:00:00Z,167195178.8,83299791.37923217,,83299791.37923217
2025-09-04T14:00:00Z,167348021.6,82669922.6704,,82669922.6704
2025-09-04T15:00:00Z,167420553.9,81651004.13703,,81651004.13703
2025-09-04T16:00:00Z,167660718.4,81253645.3299834,,81253645.3299834
2025-09-04T17:00:00Z,168345677.5,81355622.65728398,,81355622.65728398
2025-09-04T18:00:00Z,168228249.8,81405650.07822,,81405650.07822
2025-09-04T19:00:00Z,167321524.0,80350479.66204496,,80350479.66204496
2025-09-04T20:00:00Z,166797515.5,79960000.12334642,,79960000.12334642
2025-09-04T21:00:00Z,167233004.9,80673818.65354808,,80673818.65354808
2025-09-04T22:00:00Z,167058082.2,81056581.48344,,81056581.48344
2025-09-04T23:00:00Z,166597548.3,81146861.94019212,,81146861.94019212
2025-09-05T00:00:00Z,166907535.4,80482813.56988,,80482813.56988
2025-09-05T01:00:00Z,165998961.1,80236253.54358135,,80236253.54358135
2025-09-05T02:00:00Z,166161777.7,80658417.95452948,,80658417.95452948
2025-09-05T03:00:00Z,165648860.2,80709818.04076508,,80709818.04076508
2025-09-05T04:00:00Z,165479005.4,80597113.8634784,,80597113.8634784
2025-09-05T05:00:00Z,165145781.8,80722653.71027862,,80722653.71027862
2025-09-05T06:00:00Z,165398835.8,80880935.43783182,,80880935.43783182
2025-09-05T07:00:00Z,165378431.7,80738845.16115786,,80738845.16115786
2025-09-05T08:00:00Z,166535399.6,83222941.74600351,,83222941.74600351
2025-09-05T09:00:00Z,165869689.1,82450101.99448349,,82450101.99448349
2025-09-05T10:00:00Z,166273461.0,82672712.8151219,,82672712.8151219
2025-09-05T11:00:00Z,166377933.1,83256284.7255116,,83256284.7255116
2025-09-05T12:00:00Z,166120445.0,83276179.0785,,83276179.0785
2025-09-05T13:00:00Z,167502373.6,85370062.06534554,,85370062.06534554
2025-09-05T14:00:00Z,171583083.9,87008563.60579431,,87008563.60579431
2025-09-05T15:00:00Z,168784938.7,82147629.66529,,82147629.66529
2025-09-05T16:00:00Z,167716608.6,81897417.05872963,,81897417.05872963
2025-09-05T17:00:00Z,167417420.2,82080808.39876908,,82080808.39876908
2025-09-05T18:00:00Z,167625878.5,81885241.64725,,81885241.64725
2025-09-05T19:00:00Z,166916812.1,82406830.13377,,82406830.13377
2025-09-05T20:00:00Z,166212293.0,82067477.57042836,,82067477.57042836
2025-09-05T21:00:00Z,165642708.0,82738532.646,,82738532.646
2025-09-05T22:00:00Z,163241125.8,80620196.79492873,,80620196.79492873
2025-09-05T23:00:00Z,163485946.7,81067949.6852325,,81067949.6852325
2025-09-06T00:00:00Z,163767848.0,80966824.0512,,80966824.0512
2025-09-06T01:00:00Z,163601404.9,81652227.63099705,,81652227.63099705
2025-09-06T02:00:00Z,163964578.9,81574547.25412884,,81574547.25412884
2025-09-06T03:00:00Z,164171026.3,81925897.86967982,,81925897.86967982
2025-09-06T04:00:00Z,164293311.2,81768780.98424,,81768780.98424
2025-09-06T05:00:00Z,164265476.4,81157541.70360136,,81157541.70360136
2025-09-06T06:00:00Z,164085959.2,80415881.8973981,,80415881.8973981
2025-09-06T07:00:00Z,164114372.7,80481688.37208,,80481688.37208
2025-09-06T08:00:00Z,164106154.1,80700289.30247669,,80700289.30247669
2025-09-06T09:00:00Z,164345828.9,80666320.08039135,,80666320.08039135
2025-09-06T10:00:00Z,164661683.4,80256104.48916,,80256104.48916
2025-09-06T11:00:00Z,166312665.2,81769393.07546438,,81769393.07546438
2025-09-06T12:00:00Z,166853584.1,82018796.41203631,,82018796.41203631
2025-09-06T13:00:00Z,166275828.9,81175859.66898,,81175859.66898
2025-09-06T14:00:00Z,166106463.5,81143007.41975,,81143007.41975
2025-09-06T15:00:00Z,166359517.5,81665887.14075,,81665887.14075
2025-09-06T16:00:00Z,168398004.0,81571993.1376,,81571993.1376
2025-09-06T17:00:00Z,169423625.3,82972867.19651958,,82972867.19651958
2025-09-06T18:00:00Z,169064280.9,82306409.1919515,,82306409.1919515
2025-09-06T19:00:00Z,169372236.0,82604374.00965816,,82604374.00965816
2025-09-06T20:00:00Z,169318626.5,81933283.36335,,81933283.36335
2025-09-06T21:00:00Z,169418389.7,82726999.69051,,82726999.69051
2025-09-06T22:00:00Z,169548447.9,82997637.66643152,,82997637.66643152
2025-09-06T23:00:00Z,169767129.1,83016126.1299,,83016126.1299
2025-09-07T00:00:00Z,169177778.0,82575673.4418,,82575673.4418
2025-09-07T01:00:00Z,169412251.5,83098047.71753685,,83098047.71753685
2025-09-07T02:00:00Z,168904762.5,83236266.96,,83236266.96
2025-09-07T03:00:00Z,168542801.7,83715209.60439,,83715209.60439
2025-09-07T04:00:00Z,168455639.7,83356477.99998257,,83356477.99998257
2025-09-07T05:00:00Z,168553779.3,83686951.42245,,83686951.42245
2025-09-07T06:00:00Z,168782864.6,84087623.14372,,84087623.14372
2025-09-07T07:00:00Z,167842859.2,82780098.15744,,82780098.15744
2025-09-07T08:00:00Z,168120410.4,82984234.57344,,82984234.57344
2025-09-07T09:00:00Z,167880424.1,83037240.3281103,,83037240.3281103
2025-09-07T10:00:00Z,168060363.1,82657293.08262883,,82657293.08262883
2025-09-07T11:00:00Z,168393705.7,83119133.13352,,83119133.13352
2025-09-07T12:00:00Z,168594165.6,83454111.972,,83454111.972
2025-09-07T13:00:00Z,168817039.2,83324714.208336,,83324714.208336
2025-09-07T14:00:00Z,169196071.1,83756934.80919053,,83756934.80919053
2025-09-07T15:00:00Z,169380543.3,83707864.49886,,83707864.49886
2025-09-07T16:00:00Z,169327688.1,83326155.31401,,83326155.31401
2025-09-07T17:00:00Z,168930681.2,82831562.99221726,,82831562.99221726
2025-09-07T18:00:00Z,168630617.0,82247799.32982214,,82247799.32982214
2025-09-07T19:00:00Z,168548318.3,82313274.75683053,,82313274.75683053
2025-09-07T20:00:00Z,169256375.0,83037177.575,,83037177.575
2025-09-07T21:00:00Z,169292059.9,83359408.60183941,,83359408.60183941
2025-09-07T22:00:00Z,169109919.0,83051271.30443418,,83051271.30443418
2025-09-07T23:00:00Z,168989222.9,83683463.18008,,83683463.18008
2025-09-08T00:00:00Z,168999784.9,83823893.3104,,83823893.3104
2025-09-08T01:00:00Z,168344004.5,83077766.22075,,83077766.22075
2025-09-08T02:00:00Z,168365745.1,82908936.50701575,,82908936.50701575
2025-09-08T03:00:00Z,169457588.5,84554600.32190143,,84554600.32190143
2025-09-08T04:00:00Z,169664534.3,84859371.05935442,,84859371.05935442
2025-09-08T05:00:00Z,169421883.6,84050811.45539747,,84050811.45539747
2025-09-08T06:00:00Z,169888663.8,84029313.25565983,,84029313.25565983
2025-09-08T07:00:00Z,170923491.4,84538758.84644,,84538758.84644
2025-09-08T08:00:00Z,171507317.9,84596401.3169575,,84596401.3169575
2025-09-08T09:00:00Z,172034195.7,85500995.2629,,85500995.2629
2025-09-08T10:00:00Z,172108738.6,86203465.37916179,,86203465.37916179
2025-09-08T11:00:00Z,171456957.8,86260532.12945792,,86260532.12945792
2025-09-08T12:00:00Z,171096320.6,85479721.77176,,85479721.77176
2025-09-08T13:00:00Z,171988236.4,86361375.0004791,,86361375.0004791
2025-09-08T14:00:00Z,172283047.3,85900327.38378,,85900327.38378
2025-09-08T15:00:00Z,173228555.5,87479985.7238257,,87479985.7238257
2025-09-08T16:00:00Z,174677686.7,88736264.8436,,88736264.8436
2025-09-08T17:00:00Z,175351735.3,89552131.21771,,89552131.21771
2025-09-08T18:00:00Z,175541669.5,88841638.93395,,88841638.93395
2025-09-08T19:00:00Z,176438517.5,89933687.12315506,,89933687.12315506
2025-09-08T20:00:00Z,179264103.5,90564225.0882,,90564225.0882
2025-09-08T21:00:00Z,179145333.4,90157660.4118577,,90157660.4118577
2025-09-08T22:00:00Z,179830284.3,91731428.02143,,91731428.02143
2025-09-08T23:00:00Z,180533503.5,92528305.78035472,,92528305.78035472
2025-09-09T00:00:00Z,180726052.2,92748609.98904,,92748609.98904
2025-09-09T01:00:00Z,181157164.3,93343015.115215,,93343015.115215
2025-09-09T02:00:00Z,180480372.4,91918653.66332,,91918653.66332
2025-09-09T03:00:00Z,180543080.4,91372852.99044,,91372852.99044
2025-09-09T04:00:00Z,181993354.2,93257407.6455401,,93257407.6455401
2025-09-09T05:00:00Z,185227287.0,96021825.5808,,96021825.5808
2025-09-09T06:00:00Z,186135300.5,96306404.4787,,96306404.4787
2025-09-09T07:00:00Z,187197226.9,99275348.76404756,,99275348.76404756
2025-09-09T08:00:00Z,187092461.7,98943129.93499207,,98943129.93499207
2025-09-09T09:00:00Z,188563782.2,100482939.3010189,,100482939.3010189
2025-09-09T10:00:00Z,188577485.2,101152963.06128,,101152963.06128
2025-09-09T11:00:00Z,189502764.7,101001937.7508095,,101001937.7508095
2025-09-09T12:00:00Z,189256105.0,100625682.55830777,,100625682.55830777
2025-09-09T13:00:00Z,188657620.7,99535760.68132,,99535760.68132
2025-09-09T14:00:00Z,188493079.5,99825934.9032,,99825934.9032
2025-09-09T15:00:00Z,187466201.7,97676463.6507316,,97676463.6507316
2025-09-09T16:00:00Z,188643214.9,96509868.74284,,96509868.74284
2025-09-09T17:00:00Z,189291633.6,96614449.78944,,96614449.78944
2025-09-09T18:00:00Z,189025857.5,96487647.85864817,,96487647.85864817
2025-09-09T19:00:00Z,189046978.3,96814324.51411352,,96814324.51411352
2025-09-09T20:00:00Z,189181711.4,97315072.34416,,97315072.34416
2025-09-09T21:00:00Z,189035645.8,97296646.89326,,97296646.89326
2025-09-09T22:00:00Z,188110689.4,96387917.24856,,96387917.24856
2025-09-09T23:00:00Z,187732269.1,96775984.72105,,96775984.72105
2025-09-10T00:00:00Z,187597881.5,96106394.69245,,96106394.69245
2025-09-10T01:00:00Z,184589697.0,93285192.52927168,,93285192.52927168
2025-09-10T02:00:00Z,182793659.2,92457032.82336,,92457032.82336
2025-09-10T03:00:00Z,181247422.1,92638323.27097124,,92638323.27097124
2025-09-10T04:00:00Z,180497198.4,91967797.11034831,,91967797.11034831
2025-09-10T05:00:00Z,179956760.4,91402203.4869876,,91402203.4869876
2025-09-10T06:00:00Z,179592971.3,90657802.76477651,,90657802.76477651
2025-09-10T07:00:00Z,180412294.6,91360785.98544,,91360785.98544
2025-09-10T08:00:00Z,181344322.7,92122915.9316,,92122915.9316
2025-09-10T09:00:00Z,181121927.1,91619532.46415524,,91619532.46415524
2025-09-10T10:00:00Z,181470244.6,91614567.0287854,,91614567.0287854
2025-09-10T11:00:00Z,181387752.9,91326422.70517804,,91326422.70517804
2025-09-10T12:00:00Z,182026080.2,91850360.06892,,91850360.06892
2025-09-10T13:00:00Z,180699050.5,92699801.9062523,,92699801.9062523
2025-09-10T14:00:00Z,179912937.5,93782232.80685689,,93782232.80685689
2025-09-10T15:00:00Z,179893719.4,92807169.83846,,92807169.83846
2025-09-10T16:00:00Z,180449580.8,93148073.60896,,93148073.60896
2025-09-10T17:00:00Z,179166794.7,92575482.82149,,92575482.82149
2025-09-10T18:00:00Z,179075120.2,92187871.87896,,92187871.87896
2025-09-10T19:00:00Z,180168377.2,92498444.85448,,92498444.85448
2025-09-10T20:00:00Z,179046466.1,90364751.44067,,90364751.44067
2025-09-10T21:00:00Z,179270638.6,90890213.7702,,90890213.7702
2025-09-10T22:00:00Z,179541239.9,91559168.48739862,,91559168.48739862
2025-09-10T23:00:00Z,179395231.0,91688902.5641,,91688902.5641
2025-09-11T00:00:00Z,179308598.7,91895656.83375,,91895656.83375
2025-09-11T01:00:00Z,180090816.9,92725361.50718692,,92725361.50718692
2025-09-11T02:00:00Z,179043463.5,92959366.2492,,92959366.2492
2025-09-11T03:00:00Z,178134972.7,92750163.2708129,,92750163.2708129
2025-09-11T04:00:00Z,177329344.3,93078433.22220242,,93078433.22220242
2025-09-11T05:00:00Z,177296940.3,92708570.08287,,92708570.08287
2025-09-11T06:00:00Z,177599629.4,92850727.27089566,,92850727.27089566
2025-09-11T07:00:00Z,178114891.8,93607417.52826478,,93607417.52826478
2025-09-11T08:00:00Z,178239394.3,93450914.43149,,93450914.43149
2025-09-11T09:00:00Z,177692223.7,92960312.30528244,,92960312.30528244
2025-09-11T10:00:00Z,177030630.1,92197552.15608,,92197552.15608
2025-09-11T11:00:00Z,176663866.1,92064510.1792634,,92064510.1792634
2025-09-11T12:00:00Z,176179889.3,91209815.6488757,,91209815.6488757
2025-09-11T13:00:00Z,175766185.1,90976577.40776,,90976577.40776
2025-09-11T14:00:00Z,175276797.7,91226600.60009924,,91226600.60009924
2025-09-11T15:00:00Z,175871964.3,90837869.56095,,90837869.56095
2025-09-11T16:00:00Z,175995243.1,90428918.39551954,,90428918.39551954
2025-09-11T17:00:00Z,175619615.8,90637283.71438,,90637283.71438
2025-09-11T18:00:00Z,175231887.4,90991964.74728614,,90991964.74728614
2025-09-11T19:00:00Z,175054160.3,90840941.18101756,,90840941.18101756
2025-09-11T20:00:00Z,174977841.9,91309385.4002662,,91309385.4002662
2025-09-11T21:00:00Z,174782793.6,91178076.51031162,,91178076.51031162
2025-09-11T22:00:00Z,174385069.3,91351564.49343352,,91351564.49343352
2025-09-11T23:00:00Z,173947069.6,91865110.78104578,,91865110.78104578
2025-09-12T00:00:00Z,174494683.6,92464732.83964,,92464732.83964
2025-09-12T01:00:00Z,174596763.6,93152581.6020582,,93152581.6020582
2025-09-12T02:00:00Z,175208047.6,92755140.39944,,92755140.39944
2025-09-12T03:00:00Z,175065058.3,92892557.3127415,,92892557.3127415
2025-09-12T04:00:00Z,175089242.4,92871695.6419882,,92871695.6419882
2025-09-12T05:00:00Z,175249131.0,93240742.85631342,,93240742.85631342
2025-09-12T06:00:00Z,176148666.6,94472526.71082516,,94472526.71082516
2025-09-12T07:00:00Z,177583335.4,94456576.09926,,94456576.09926
2025-09-12T08:00:00Z,178326854.2,94521314.49903236,,94521314.49903236
2025-09-12T09:00:00Z,178284479.1,94294660.99599,,94294660.99599
2025-09-12T10:00:00Z,176819070.4,93006831.0304,,93006831.0304
2025-09-12T11:00:00Z,175648335.7,92581617.07430136,,92581617.07430136
2025-09-12T12:00:00Z,175033229.4,91769922.17442,,91769922.17442
2025-09-12T13:00:00Z,175599762.4,92592490.39523073,,92592490.39523073
2025-09-12T14:00:00Z,176051514.7,93184066.73071,,93184066.73071
2025-09-12T15:00:00Z,176098151.3,93272870.58095984,,93272870.58095984
2025-09-12T16:00:00Z,175732001.2,92786496.6336,,92786496.6336
2025-09-12T17:00:00Z,176535339.2,94413620.32880378,,94413620.32880378
2025-09-12T18:00:00Z,176706387.1,95244742.6469,,95244742.6469
2025-09-12T19:00:00Z,176762385.0,96406204.779,,96406204.779
2025-09-12T20:00:00Z,177093267.9,96639796.29303,,96639796.29303
2025-09-12T21:00:00Z,177728498.0,96796108.35552184,,96796108.35552184
2025-09-12T22:00:00Z,177623040.5,96496183.93565756,,96496183.93565756
2025-09-12T23:00:00Z,176956117.7,96740955.7531156,,96740955.7531156
2025-09-13T00:00:00Z,177000082.3,96886400.62941843,,96886400.62941843
2025-09-13T01:00:00Z,177130059.4,96760247.7053402,,96760247.7053402
2025-09-13T02:00:00Z,176649740.2,95920316.07582484,,95920316.07582484
2025-09-13T03:00:00Z,176364023.4,95960635.1340687,,95960635.1340687
2025-09-13T04:00:00Z,177277574.7,97117372.77692276,,97117372.77692276
2025-09-13T05:00:00Z,176492610.1,96067804.50697462,,96067804.50697462
2025-09-13T06:00:00Z,176651865.4,96037401.3732016,,96037401.3732016
2025-09-13T07:00:00Z,176739353.2,96491291.727923,,96491291.727923
2025-09-13T08:00:00Z,176670688.6,95960152.64651228,,95960152.64651228
2025-09-13T09:00:00Z,177233763.4,97413390.38117202,,97413390.38117202
2025-09-13T10:00:00Z,177258825.6,98555907.0336,,98555907.0336
2025-09-13T11:00:00Z,176048057.6,97417632.74607116,,97417632.74607116
2025-09-13T12:00:00Z,176013952.0,97670141.9648,,97670141.9648
2025-09-13T13:00:00Z,176614277.9,98094948.57679623,,98094948.57679623
2025-09-13T14:00:00Z,176755209.2,96357520.77074172,,96357520.77074172
2025-09-13T15:00:00Z,176778638.8,96666123.5531982,,96666123.5531982
2025-09-13T16:00:00Z,176378799.8,95824037.3835909,,95824037.3835909
2025-09-13T17:00:00Z,176435558.3,94849847.1093392,,94849847.1093392
2025-09-13T18:00:00Z,175978086.4,94769440.153813,,94769440.153813
2025-09-13T19:00:00Z,176197435.5,94882319.01675,,94882319.01675
2025-09-13T20:00:00Z,176494742.2,95041006.7167624,,95041006.7167624
2025-09-13T21:00:00Z,175899641.1,95344938.73223746,,95344938.73223746
2025-09-13T22:00:00Z,176023325.4,95475051.69696,,95475051.69696
2025-09-13T23:00:00Z,175628309.5,95162197.3398467,,95162197.3398467
2025-09-14T00:00:00Z,176156124.9,95356507.64203691,,95356507.64203691
2025-09-14T01:00:00Z,175713413.1,94369090.19442114,,94369090.19442114
2025-09-14T02:00:00Z,175274395.2,94081860.08436485,,94081860.08436485
2025-09-14T03:00:00Z,175703802.1,94867449.90027536,,94867449.90027536
2025-09-14T04:00:00Z,175337547.9,93330241.02064118,,93330241.02064118
2025-09-14T05:00:00Z,175760547.1,93610067.38546,,93610067.38546
2025-09-14T06:00:00Z,175289622.1,94148056.02991,,94148056.02991
2025-09-14T07:00:00Z,174709854.6,93243222.44834308,,93243222.44834308
2025-09-14T08:00:00Z,174798697.6,92800628.55584,,92800628.55584
2025-09-14T09:00:00Z,175343906.8,93095470.19181503,,93095470.19181503
2025-09-14T10:00:00Z,174412114.6,92859948.657171,,92859948.657171
2025-09-14T11:00:00Z,174720999.4,92683507.73468056,,92683507.73468056
2025-09-14T12:00:00Z,174156560.0,90633548.5887176,,90633548.5887176
2025-09-14T13:00:00Z,174476457.8,90151985.74526,,90151985.74526
2025-09-14T14:00:00Z,174530779.7,89425775.47382152,,89425775.47382152
2025-09-14T15:00:00Z,175264243.5,89470256.33033687,,89470256.33033687
2025-09-14T16:00:00Z,175485323.2,89436312.57068077,,89436312.57068077
2025-09-14T17:00:00Z,175621190.3,90076108.50487,,90076108.50487
2025-09-14T18:00:00Z,176085671.7,90877815.16437,,90877815.16437
2025-09-14T19:00:00Z,175957552.5,90348759.08207566,,90348759.08207566
2025-09-14T20:00:00Z,175569650.4,90313028.16576,,90313028.16576
2025-09-14T21:00:00Z,176447791.0,91083494.8603636,,91083494.8603636
2025-09-14T22:00:00Z,177118730.9,91712078.86002,,91712078.86002
2025-09-14T23:00:00Z,177903853.2,92211922.19988634,,92211922.19988634
2025-09-15T00:00:00Z,177701967.4,91196649.66968,,91196649.66968
2025-09-15T01:00:00Z,177169305.1,91029588.96038,,91029588.96038
2025-09-15T02:00:00Z,177323856.6,91343141.26105034,,91343141.26105034
2025-09-15T03:00:00Z,177273925.9,91281324.42060438,,91281324.42060438
2025-09-15T04:00:00Z,178460948.7,92710462.84965,,92710462.84965
2025-09-15T05:00:00Z,178213375.5,92596438.9013022,,92596438.9013022
2025-09-15T06:00:00Z,177829476.3,93044358.26725006,,93044358.26725006
2025-09-15T07:00:00Z,176128539.1,90435886.12240168,,90435886.12240168
2025-09-15T08:00:00Z,176189602.0,89328128.214,,89328128.214
2025-09-15T09:00:00Z,173482701.5,85422882.2186,,85422882.2186
2025-09-15T10:00:00Z,174661335.3,86909946.91875607,,86909946.91875607
2025-09-15T11:00:00Z,177063733.3,88145074.46588081,,88145074.46588081
2025-09-15T12:00:00Z,175919062.3,87343814.43195,,87343814.43195
2025-09-15T13:00:00Z,174177573.9,85927080.01068638,,85927080.01068638
2025-09-15T14:00:00Z,174120967.2,86175116.78840078,,86175116.78840078
2025-09-15T15:00:00Z,175315485.7,86361141.07455023,,86361141.07455023
2025-09-15T16:00:00Z,172600537.1,84660563.44755,,84660563.44755
2025-09-15T17:00:00Z,173374754.1,84356448.83724025,,84356448.83724025
2025-09-15T18:00:00Z,173197891.5,84871442.26851636,,84871442.26851636
2025-09-15T19:00:00Z,173196405.5,84765370.84040086,,84765370.84040086
2025-09-15T20:00:00Z,173665497.1,85033313.50179835,,85033313.50179835
2025-09-15T21:00:00Z,174031632.8,85623563.3376,,85623563.3376
2025-09-15T22:00:00Z,174180858.1,85871145.62521419,,85871145.62521419
2025-09-15T23:00:00Z,174449832.7,85679098.93746203,,85679098.93746203
2025-09-16T00:00:00Z,174317404.7,85781594.85287,,85781594.85287
2025-09-16T01:00:00Z,174591133.8,85600728.70637052,,85600728.70637052
2025-09-16T02:00:00Z,174421002.0,85344196.2786,,85344196.2786
2025-09-16T03:00:00Z,174994825.6,85414039.9029913,,85414039.9029913
2025-09-16T04:00:00Z,175248568.6,85573876.04738,,85573876.04738
2025-09-16T05:00:00Z,175192599.7,85519079.73772903,,85519079.73772903
2025-09-16T06:00:00Z,176907542.0,87144655.1892,,87144655.1892
2025-09-16T07:00:00Z,176509885.0,86729674.6911449,,86729674.6911449
2025-09-16T08:00:00Z,181412670.4,89327598.90496,,89327598.90496
2025-09-16T09:00:00Z,181075578.8,89994562.6636,,89994562.6636
2025-09-16T10:00:00Z,180864058.0,89887098.25373006,,89887098.25373006
2025-09-16T11:00:00Z,179163174.1,88255779.56166,,88255779.56166
2025-09-16T12:00:00Z,179795814.0,88441560.9066,,88441560.9066
2025-09-16T13:00:00Z,179092914.0,88185350.8536,,88185350.8536
2025-09-16T14:00:00Z,178884375.6,87947186.67473559,,87947186.67473559
2025-09-16T15:00:00Z,177855023.2,87161539.2752407,,87161539.2752407
2025-09-16T16:00:00Z,178729096.3,88470902.6685,,88470902.6685
2025-09-16T17:00:00Z,178397833.3,87684142.43142803,,87684142.43142803
2025-09-16T18:00:00Z,177546764.4,88063195.1424,,88063195.1424
2025-09-16T19:00:00Z,177786780.6,88219754.41043879,,88219754.41043879
2025-09-16T20:00:00Z,178716186.9,88680946.75364524,,88680946.75364524
2025-09-16T21:00:00Z,179160807.4,89007089.11632,,89007089.11632
2025-09-16T22:00:00Z,179309740.1,89266594.53188486,,89266594.53188486
2025-09-16T23:00:00Z,178966037.4,89160879.83268,,89160879.83268
2025-09-17T00:00:00Z,177886072.2,87982451.31012,,87982451.31012
2025-09-17T01:00:00Z,177751825.6,87947339.04058385,,87947339.04058385
2025-09-17T02:00:00Z,178117744.9,88314179.97034758,,88314179.97034758
2025-09-17T03:00:00Z,177959178.8,88516895.53512,,88516895.53512
2025-09-17T04:00:00Z,177803621.4,87584342.76258485,,87584342.76258485
2025-09-17T05:00:00Z,177727671.6,86964682.3332003,,86964682.3332003
2025-09-17T06:00:00Z,177554160.3,87711755.1882,,87711755.1882
2025-09-17T07:00:00Z,177826198.0,88480013.96434288,,88480013.96434288
2025-09-17T08:00:00Z,177006398.3,87812874.19663,,87812874.19663
2025-09-17T09:00:00Z,177095275.1,87146718.29251045,,87146718.29251045
2025-09-17T10:00:00Z,177560458.4,86880332.29512,,86880332.29512
2025-09-17T11:00:00Z,178421774.9,87159037.03865,,87159037.03865
2025-09-17T12:00:00Z,179049082.0,87716145.2718,,87716145.2718
2025-09-17T13:00:00Z,179092323.1,87899088.85476038,,87899088.85476038
2025-09-17T14:00:00Z,179095131.4,87687489.03813355,,87687489.03813355
2025-09-17T15:00:00Z,180206457.1,87905794.61625174,,87905794.61625174
2025-09-17T16:00:00Z,180873556.2,88253373.81874508,,88253373.81874508
2025-09-17T17:00:00Z,180218771.9,88478638.54652075,,88478638.54652075
2025-09-17T18:00:00Z,179962086.2,88257997.90529896,,88257997.90529896
2025-09-17T19:00:00Z,178719931.4,87501278.41344,,87501278.41344
2025-09-17T20:00:00Z,179108359.4,90628829.8564,,90628829.8564
2025-09-17T21:00:00Z,177332633.1,89340180.55578,,89340180.55578
2025-09-17T22:00:00Z,177475272.4,91522347.45664668,,91522347.45664668
2025-09-17T23:00:00Z,177010880.3,92553199.2829754,,92553199.2829754
2025-09-18T00:00:00Z,176793539.3,92007487.74879804,,92007487.74879804
2025-09-18T01:00:00Z,176369329.8,91289758.06380676,,91289758.06380676
2025-09-18T02:00:00Z,175824972.0,91663177.26970512,,91663177.26970512
2025-09-18T03:00:00Z,174754245.7,91348413.0835325,,91348413.0835325
2025-09-18T04:00:00Z,173818028.6,91194396.9806764,,91194396.9806764
2025-09-18T05:00:00Z,174234459.7,91507938.23444,,91507938.23444
2025-09-18T06:00:00Z,174954324.0,90838597.91696328,,90838597.91696328
2025-09-18T07:00:00Z,175751684.0,90723019.2808,,90723019.2808
2025-09-18T08:00:00Z,175526257.4,90747075.0758,,90747075.0758
2025-09-18T09:00:00Z,176110563.3,91401382.3527,,91401382.3527
2025-09-18T10:00:00Z,175677149.5,91055095.11302586,,91055095.11302586
2025-09-18T11:00:00Z,174908760.7,90008048.25622,,90008048.25622
2025-09-18T12:00:00Z,175075713.3,90071925.28414693,,90071925.28414693
2025-09-18T13:00:00Z,175121530.4,90165176.1025394,,90165176.1025394
2025-09-18T14:00:00Z,175082263.5,90656836.1832764,,90656836.1832764
2025-09-18T15:00:00Z,175378361.7,91073983.23081,,91073983.23081
2025-09-18T16:00:00Z,177068325.6,92093236.14456,,92093236.14456
2025-09-18T17:00:00Z,177405718.9,92747709.84092,,92747709.84092
2025-09-18T18:00:00Z,177187002.7,93094051.21858,,93094051.21858
2025-09-18T19:00:00Z,178035145.5,93808712.1575796,,93808712.1575796
2025-09-18T20:00:00Z,177891088.6,93091262.32051615,,93091262.32051615
2025-09-18T21:00:00Z,178399867.1,93392330.42685,,93392330.42685
2025-09-18T22:00:00Z,178199270.9,93489542.41275272,,93489542.41275272
2025-09-18T23:00:00Z,178375437.3,93433054.05774,,93433054.05774
