ts_utc,mark_price,index_price,basis_pct
2025-09-17T22:33:59Z,0.52059979,0.52060292,-0.000601225978513753
2025-09-17T22:34:59Z,0.52067113,0.5206963,-0.004833911821544579
2025-09-17T22:35:59Z,0.52076145,0.52076451,-0.000587597645629323
2025-09-17T22:36:59Z,0.52087181,0.52094616,-0.014272108273150064
2025-09-17T22:37:59Z,0.5207,0.52079398,-0.01804552349087274
2025-09-17T22:38:59Z,0.52128496,0.52127225,0.0024382652251242476
2025-09-17T22:39:59Z,0.52176806,0.5217775,-0.0018092002817327035
2025-09-17T22:40:59Z,0.52130362,0.52142863,-0.023974517854918886
2025-09-17T22:41:59Z,0.52269702,0.52260684,0.01725580170361951
2025-09-17T22:42:59Z,0.5228,0.52275726,0.008175878800820158
2025-09-17T22:43:59Z,0.52245069,0.52245475,-0.0007771007919821216
2025-09-17T22:44:59Z,0.52254298,0.52254573,-0.0005262697295504992
2025-09-17T22:45:59Z,0.5212,0.52125391,-0.010342368463001073
2025-09-17T22:46:59Z,0.52202763,0.5220303,-0.0005114645644122007
2025-09-17T22:47:59Z,0.5225,0.52245873,0.007899188515803068
2025-09-17T22:48:59Z,0.52231044,0.52239781,-0.016724802119660875
2025-09-17T22:49:59Z,0.5222454,0.52225498,-0.0018343530204467662
2025-09-17T22:50:59Z,0.5228,0.52277058,0.005627707664812576
2025-09-17T22:51:59Z,0.52289536,0.52289785,-0.00047619243414009915
2025-09-17T22:52:59Z,0.5226,0.52273292,-0.025427899203300797
2025-09-17T22:53:59Z,0.5228,0.52288788,-0.01680666226188121
2025-09-17T22:54:59Z,0.52335691,0.52336581,-0.0017005314122631177
2025-09-17T22:55:59Z,0.52322356,0.52331601,-0.017666189880183314
2025-09-17T22:56:59Z,0.52376525,0.52377153,-0.0011989960584601889
2025-09-17T22:57:59Z,0.5238,0.52381622,-0.0030965058699372605
2025-09-17T22:58:59Z,0.52392229,0.52388539,0.00704352530236374
2025-09-17T22:59:59Z,0.52286729,0.52296778,-0.019215332921662664
2025-09-17T23:00:59Z,0.52499989,0.52483887,0.03067989228771051
2025-09-17T23:01:59Z,0.52499569,0.52489205,0.01974501233157344
2025-09-17T23:02:59Z,0.52429641,0.5242985,-0.0003986278808598698
2025-09-17T23:03:59Z,0.52461415,0.52457257,0.00792645334086739
2025-09-17T23:04:59Z,0.5247,0.52468179,0.00347067505430676
2025-09-17T23:05:59Z,0.52525916,0.52512744,0.025083434984840558
2025-09-17T23:06:59Z,0.52518059,0.52518254,-0.00037129947237923844
2025-09-17T23:07:59Z,0.52476473,0.52474803,0.003182479789387571
2025-09-17T23:08:59Z,0.52441365,0.52446739,-0.01024658558848035
2025-09-17T23:09:59Z,0.52555362,0.52541593,0.026205905100762372
2025-09-17T23:10:59Z,0.5256,0.52552263,0.014722486831808546
2025-09-17T23:11:59Z,0.5260755,0.52592134,0.02931236827166117
2025-09-17T23:12:59Z,0.52581191,0.52581364,-0.0003290139068856668
2025-09-17T23:13:59Z,0.52522136,0.52522799,-0.0012623089641561336
2025-09-17T23:14:59Z,0.52453161,0.52470475,-0.03299760484348768
2025-09-17T23:15:59Z,0.52462405,0.52477056,-0.027918868009668696
2025-09-17T23:16:59Z,0.5225,0.52268469,-0.0353348784713714
2025-09-17T23:17:59Z,0.5221341,0.52213998,-0.0011261347962476798
2025-09-17T23:18:59Z,0.52239362,0.52232486,0.013164221209005511
2025-09-17T23:19:59Z,0.5216216,0.52161352,0.001549039603099267
2025-09-17T23:20:59Z,0.52064558,0.52065604,-0.0020090038713393987
2025-09-17T23:21:59Z,0.51975362,0.51973828,0.0029514855053536238
2025-09-17T23:22:59Z,0.5201,0.5201362,-0.006959715551435597
2025-09-17T23:23:59Z,0.52039844,0.52038522,0.002540425725405804
2025-09-17T23:24:59Z,0.52127919,0.52128047,-0.0002455491954211908
2025-09-17T23:25:59Z,0.5213,0.52132283,-0.004379244239127722
2025-09-17T23:26:59Z,0.51985917,0.51994711,-0.016913258735107295
2025-09-17T23:27:59Z,0.52014243,0.52014359,-0.00022301534080559904
2025-09-17T23:28:59Z,0.51998571,0.51999336,-0.0014711726318838991
2025-09-17T23:29:59Z,0.52063959,0.5205089,0.025108120149330837
2025-09-17T23:30:59Z,0.52143304,0.52148628,-0.0102092810572052
2025-09-17T23:31:59Z,0.52099905,0.52103703,-0.007289309168678759
2025-09-17T23:32:59Z,0.52126842,0.52124486,0.004519948647541128
2025-09-17T23:33:59Z,0.521437,0.52141137,0.004915504623537181
2025-09-17T23:34:59Z,0.5215,0.5214484,0.009895514110302983
2025-09-17T23:35:59Z,0.52112528,0.52112615,-0.00016694614153323073
2025-09-17T23:36:59Z,0.5205,0.5205955,-0.0183443767762137
2025-09-17T23:37:59Z,0.52100846,0.52100926,-0.00015354813464041328
2025-09-17T23:38:59Z,0.52064503,0.52067351,-0.005469838479010836
2025-09-17T23:39:59Z,0.5202,0.52030934,-0.021014421920617643
2025-09-17T23:40:59Z,0.5196263,0.51976515,-0.026713988038640224
2025-09-17T23:41:59Z,0.5191,0.51913888,-0.007489325399778757
2025-09-17T23:42:59Z,0.5195955,0.5194745,0.023292769904981192
2025-09-17T23:43:59Z,0.51920909,0.51920968,-0.00011363424502475183
2025-09-17T23:44:59Z,0.51909826,0.51909881,-0.00010595285316883363
2025-09-17T23:45:59Z,0.5194436,0.51952278,-0.015240910129088459
2025-09-17T23:46:59Z,0.52001151,0.52001198,-9.038253311333122e-05
2025-09-17T23:47:59Z,0.5211427,0.52104598,0.018562661206966702
2025-09-17T23:48:59Z,0.52138629,0.52125725,0.02475553097822658
2025-09-17T23:49:59Z,0.5214,0.52135508,0.008616008882089687
2025-09-17T23:50:59Z,0.5203,0.5203747,-0.014355040704316924
2025-09-17T23:51:59Z,0.52123812,0.52116163,0.014676828760395999
2025-09-17T23:52:59Z,0.52086997,0.52087022,-4.7996600771593734e-05
2025-09-17T23:53:59Z,0.520445,0.52052758,-0.015864673299337273
2025-09-17T23:54:59Z,0.5204,0.52042332,-0.0044809675323609355
2025-09-17T23:55:59Z,0.52004253,0.52009053,-0.009229162469093222
2025-09-17T23:56:59Z,0.52030841,0.52032808,-0.003780307224610091
2025-09-17T23:57:59Z,0.52013394,0.52013401,-1.3458070169392045e-05
2025-09-17T23:58:59Z,0.52021942,0.52020642,0.0024990079899422923
2025-09-17T23:59:59Z,0.52042336,0.52036162,0.011864825849383642
2025-09-18T00:00:59Z,0.52121997,0.52109111,0.024728880905300343
2025-09-18T00:01:59Z,0.52139208,0.52124017,0.029143954887445034
2025-09-18T00:02:59Z,0.5212,0.52126573,-0.012609691414011692
2025-09-18T00:03:59Z,0.52131,0.52129868,0.002171499839609403
2025-09-18T00:04:59Z,0.52083501,0.52091147,-0.014678117953526026
2025-09-18T00:05:59Z,0.5208,0.52080171,-0.00032833993574010734
2025-09-18T00:06:59Z,0.52140556,0.52137291,0.0062623123246119405
2025-09-18T00:07:59Z,0.5221,0.52198866,0.021329965290828312
2025-09-18T00:08:59Z,0.52099298,0.52094186,0.009812995254421253
2025-09-18T00:09:59Z,0.52120059,0.52115707,0.008350649450061809
2025-09-18T00:10:59Z,0.52125981,0.52110888,0.028963237011048193
2025-09-18T00:11:59Z,0.52129772,0.52125342,0.008498745197682567
2025-09-18T00:12:59Z,0.5219174,0.52186662,0.009730455647849467
2025-09-18T00:13:59Z,0.5222,0.52211428,0.01641786162216441
2025-09-18T00:14:59Z,0.52255868,0.52244812,0.021161909817979385
2025-09-18T00:15:59Z,0.52266234,0.52252342,0.026586368128733717
2025-09-18T00:16:59Z,0.52321771,0.52316724,0.009647010772284581
2025-09-18T00:17:59Z,0.5233,0.52328585,0.002704067002756716
2025-09-18T00:18:59Z,0.52414865,0.52402143,0.02427763307313313
2025-09-18T00:19:59Z,0.52336013,0.5232175,0.02726017382828072
2025-09-18T00:20:59Z,0.52378906,0.52374549,0.008318926049377673
2025-09-18T00:21:59Z,0.52461875,0.52458174,0.007055144542400527
2025-09-18T00:22:59Z,0.52356128,0.52351803,0.008261415561960916
2025-09-18T00:23:59Z,0.52260784,0.52270569,-0.01871990335516882
2025-09-18T00:24:59Z,0.5215,0.52164498,-0.027792848691854388
2025-09-18T00:25:59Z,0.52119917,0.52114987,0.00945985077192013
2025-09-18T00:26:59Z,0.52083248,0.52083993,-0.0014303818833383275
2025-09-18T00:27:59Z,0.52126533,0.52117859,0.016643047443665182
2025-09-18T00:28:59Z,0.5206,0.52064622,-0.008877429283959959
2025-09-18T00:29:59Z,0.52019917,0.52015041,0.009374211586243852
2025-09-18T00:30:59Z,0.52033889,0.52037339,-0.006629854766415644
2025-09-18T00:31:59Z,0.51944734,0.51963622,-0.03634850549870672
2025-09-18T00:32:59Z,0.5205,0.52053645,-0.007002391475197101
2025-09-18T00:33:59Z,0.52038153,0.52032676,0.010526077882277995
2025-09-18T00:34:59Z,0.52155778,0.52144424,0.02177414022255242
2025-09-18T00:35:59Z,0.5209,0.52087106,0.005556077544399685
2025-09-18T00:36:59Z,0.5207,0.52071454,-0.002792316880551038
2025-09-18T00:37:59Z,0.52041305,0.5205168,-0.01993211362245617
2025-09-18T00:38:59Z,0.5212,0.52117268,0.005242024581941784
2025-09-18T00:39:59Z,0.52153974,0.52150504,0.006653818724378091
2025-09-18T00:40:59Z,0.52190119,0.52185998,0.007896754221325963
2025-09-18T00:41:59Z,0.52116251,0.52119638,-0.006498510216046416
2025-09-18T00:42:59Z,0.5212,0.52121639,-0.0031445672688756865
2025-09-18T00:43:59Z,0.5202,0.52046082,-0.050113282302410855
2025-09-18T00:44:59Z,0.5198,0.51979855,0.0002789542217884744
2025-09-18T00:45:59Z,0.51986905,0.51982205,0.00904155566314735
2025-09-18T00:46:59Z,0.5206,0.52052533,0.014345123223868939
2025-09-18T00:47:59Z,0.5204,0.52037538,0.00473120000410443
2025-09-18T00:48:59Z,0.52038882,0.5203421,0.008978708430462667
2025-09-18T00:49:59Z,0.51996889,0.52003798,-0.013285568104082213
2025-09-18T00:50:59Z,0.5197,0.51966903,0.005959562377633176
2025-09-18T00:51:59Z,0.51941014,0.51950053,-0.01739940477057944
2025-09-18T00:52:59Z,0.5188,0.51884487,-0.008648056980875563
2025-09-18T00:53:59Z,0.5189,0.51886088,0.007539593272110068
2025-09-18T00:54:59Z,0.51807174,0.51813309,-0.011840587135625302
2025-09-18T00:55:59Z,0.5178,0.51786153,-0.011881554515158488
2025-09-18T00:56:59Z,0.5176,0.51776278,-0.03143910807957839
2025-09-18T00:57:59Z,0.5173,0.5173302,-0.005837664222962946
2025-09-18T00:58:59Z,0.5178558,0.51780165,0.010457672353880731
2025-09-18T00:59:59Z,0.51760563,0.51760356,0.00039991996965138554
2025-09-18T01:00:59Z,0.51773777,0.51769258,0.008729118736838792
2025-09-18T01:01:59Z,0.51680162,0.5169744,-0.0334213841149511
2025-09-18T01:02:59Z,0.5171,0.51708866,0.002193047513365798
2025-09-18T01:03:59Z,0.5166482,0.51682056,-0.033350066413762036
2025-09-18T01:04:59Z,0.5178,0.51775858,0.007999867428565288
2025-09-18T01:05:59Z,0.51957706,0.51945004,0.024452784718254073
2025-09-18T01:06:59Z,0.51993121,0.51988647,0.008605725015309318
2025-09-18T01:07:59Z,0.5201,0.52005886,0.007910643037600806
2025-09-18T01:08:59Z,0.52049125,0.5203807,0.021244062279768272
2025-09-18T01:09:59Z,0.5202,0.52015088,0.009443413803311707
2025-09-18T01:10:59Z,0.5203217,0.5202823,0.007572811913836297
2025-09-18T01:11:59Z,0.51986401,0.51985678,0.0013907676648994283
2025-09-18T01:12:59Z,0.52023576,0.52019165,0.00847956709801867
2025-09-18T01:13:59Z,0.5198141,0.51990149,-0.01680895355772316
2025-09-18T01:14:59Z,0.5198,0.51980005,-9.619083318757049e-06
2025-09-18T01:15:59Z,0.51959736,0.5196194,-0.004241566038520883
2025-09-18T01:16:59Z,0.52050723,0.52044892,0.011203789221037042
2025-09-18T01:17:59Z,0.5212,0.52111388,0.01652613820226634
2025-09-18T01:18:59Z,0.52050567,0.52064806,-0.02734860857830368
2025-09-18T01:19:59Z,0.5201,0.52023152,-0.02528105179016027
2025-09-18T01:20:59Z,0.51987468,0.52000665,-0.025378521601593373
2025-09-18T01:21:59Z,0.52030902,0.52034114,-0.0061728734345289915
2025-09-18T01:22:59Z,0.52117835,0.52107351,0.020120001878431992
2025-09-18T01:23:59Z,0.52137022,0.52130323,0.012850486270732375
2025-09-18T01:24:59Z,0.52115498,0.52119246,-0.0071912014997121965
2025-09-18T01:25:59Z,0.5208,0.5208009,-0.0001728107612675167
2025-09-18T01:26:59Z,0.5211,0.52111675,-0.0032142509332144797
2025-09-18T01:27:59Z,0.5207309,0.52090867,-0.03412690366623172
2025-09-18T01:28:59Z,0.52106871,0.52108258,-0.002661766202194382
2025-09-18T01:29:59Z,0.51986926,0.52016254,-0.056382376170327486
2025-09-18T01:30:59Z,0.51988089,0.51986484,0.0030873409327059065
2025-09-18T01:31:59Z,0.52006678,0.52002959,0.007151516128134361
2025-09-18T01:32:59Z,0.52098598,0.52077213,0.04106402545005494
2025-09-18T01:33:59Z,0.52022181,0.52017998,0.008041447500550802
2025-09-18T01:34:59Z,0.52003661,0.52005155,-0.002872792129937629
2025-09-18T01:35:59Z,0.52022309,0.52021191,0.0021491241905646774
2025-09-18T01:36:59Z,0.52142995,0.52138631,0.008369993450729751
2025-09-18T01:37:59Z,0.5206,0.52073238,-0.02542188753463792
2025-09-18T01:38:59Z,0.52156104,0.52151963,0.007940257205651946
2025-09-18T01:39:59Z,0.52218607,0.52214473,0.00791734506253583
2025-09-18T01:40:59Z,0.52221769,0.52217093,0.008954922098003415
2025-09-18T01:41:59Z,0.52278915,0.52274798,0.007875688013192494
2025-09-18T01:42:59Z,0.52210918,0.52225504,-0.027928883175554198
2025-09-18T01:43:59Z,0.5228,0.52283501,-0.006696185092869289
2025-09-18T01:44:59Z,0.5230483,0.52304897,-0.00012809508064259845
2025-09-18T01:45:59Z,0.52338305,0.52342924,-0.008824497462167624
2025-09-18T01:46:59Z,0.5232,0.52316003,0.007640109662054861
2025-09-18T01:47:59Z,0.52293057,0.52295984,-0.005596988097589239
2025-09-18T01:48:59Z,0.5227,0.52280357,-0.019810499763794898
2025-09-18T01:49:59Z,0.5226239,0.52258362,0.007707857356886727
2025-09-18T01:50:59Z,0.5222,0.52232744,-0.024398488427102016
2025-09-18T01:51:59Z,0.52236255,0.52234352,0.003643196339453425
2025-09-18T01:52:59Z,0.52169791,0.52198977,-0.05591297316037691
2025-09-18T01:53:59Z,0.5217,0.52188915,-0.03624332868387148
2025-09-18T01:54:59Z,0.5217,0.52178974,-0.017198498383652616
2025-09-18T01:55:59Z,0.5217,0.52173125,-0.00598967380235349
2025-09-18T01:56:59Z,0.52224453,0.52216101,0.015995066349372422
2025-09-18T01:57:59Z,0.5214,0.52151341,-0.021746324797278227
2025-09-18T01:58:59Z,0.52112268,0.52124,-0.022507865858356624
2025-09-18T01:59:59Z,0.52133196,0.52135101,-0.003653968177774747
2025-09-18T02:00:59Z,0.52083883,0.52093996,-0.019412985711442232
2025-09-18T02:01:59Z,0.5201,0.52032132,-0.04253525494591903
2025-09-18T02:02:59Z,0.5205,0.52051262,-0.0024245329536931592
2025-09-18T02:03:59Z,0.52093823,0.5208996,0.0074160164453829225
2025-09-18T02:04:59Z,0.52147339,0.52143483,0.007394979733144069
2025-09-18T02:05:59Z,0.5206,0.52070139,-0.019471812817728473
2025-09-18T02:06:59Z,0.52085628,0.52093228,-0.014589228373418361
2025-09-18T02:07:59Z,0.52052305,0.52066191,-0.026669897938180753
2025-09-18T02:08:59Z,0.52071157,0.52079247,-0.015534018761820256
2025-09-18T02:09:59Z,0.5205,0.52053057,-0.005872853922883614
2025-09-18T02:10:59Z,0.52063498,0.5206788,-0.008415937042194344
2025-09-18T02:11:59Z,0.52006792,0.52024752,-0.03452202905261936
2025-09-18T02:12:59Z,0.52075671,0.52076255,-0.0011214324071584514
2025-09-18T02:13:59Z,0.5211,0.5210723,0.005315960952056997
2025-09-18T02:14:59Z,0.52110794,0.52113751,-0.005674126201338225
2025-09-18T02:15:59Z,0.52125119,0.52127815,-0.00517190294663239
2025-09-18T02:16:59Z,0.52120135,0.52125898,-0.01105592463847005
2025-09-18T02:17:59Z,0.52085095,0.52101426,-0.03134463152696387
2025-09-18T02:18:59Z,0.5208,0.52079965,6.720434626572569e-05
2025-09-18T02:19:59Z,0.5202,0.52026027,-0.011584586307156197
2025-09-18T02:20:59Z,0.52048882,0.52045206,0.007063090498671265
2025-09-18T02:21:59Z,0.52004297,0.52012381,-0.015542453247807675
2025-09-18T02:22:59Z,0.51902295,0.51911982,-0.01866043180551724
2025-09-18T02:23:59Z,0.51841794,0.51854457,-0.02442027307315575
2025-09-18T02:24:59Z,0.51890747,0.51901182,-0.02010551513065284
2025-09-18T02:25:59Z,0.5191,0.51917047,-0.013573576324565906
2025-09-18T02:26:59Z,0.51891202,0.51901338,-0.019529361651515753
2025-09-18T02:27:59Z,0.51896987,0.51900958,-0.007651111179862724
2025-09-18T02:28:59Z,0.5184508,0.51862378,-0.03335365763598164
2025-09-18T02:29:59Z,0.5185,0.51861571,-0.022311317950629572
2025-09-18T02:30:59Z,0.51896409,0.51892982,0.006603975851682264
2025-09-18T02:31:59Z,0.5192,0.51913152,0.013191262206557752
2025-09-18T02:32:59Z,0.5192,0.5191327,0.012963930031761883
2025-09-18T02:33:59Z,0.5186,0.51857579,0.004668555776565775
2025-09-18T02:34:59Z,0.5182,0.51823007,-0.005802442146973785
2025-09-18T02:35:59Z,0.51787774,0.51799569,-0.02277045973104741
2025-09-18T02:36:59Z,0.5179,0.51793957,-0.007639887410026969
2025-09-18T02:37:59Z,0.5185,0.51848947,0.002030899489624538
2025-09-18T02:38:59Z,0.51862564,0.51861795,0.0014827870882694327
2025-09-18T02:39:59Z,0.51847642,0.51854225,-0.012695204681956174
2025-09-18T02:40:59Z,0.5185,0.51852396,-0.004620808650779296
2025-09-18T02:41:59Z,0.51864901,0.51866031,-0.0021786899406350813
2025-09-18T02:42:59Z,0.51829457,0.51839459,-0.01929418283473927
2025-09-18T02:43:59Z,0.5182,0.51818017,0.0038268542773334246
2025-09-18T02:44:59Z,0.51853313,0.51852482,0.0016026233806920587
2025-09-18T02:45:59Z,0.5189,0.51885873,0.007953995493137356
2025-09-18T02:46:59Z,0.519039,0.51900516,0.006520166389112347
2025-09-18T02:47:59Z,0.51905463,0.51902875,0.004986236311554926
2025-09-18T02:48:59Z,0.5192,0.51917222,0.0053508255892564804
2025-09-18T02:49:59Z,0.5193437,0.51927425,0.013374435570390197
2025-09-18T02:50:59Z,0.52004108,0.51995978,0.01563582475554437
2025-09-18T02:51:59Z,0.52004113,0.51999038,0.00975979594084464
2025-09-18T02:52:59Z,0.52008193,0.52006369,0.0035072627354582053
2025-09-18T02:53:59Z,0.51970227,0.51977584,-0.014154178462766343
2025-09-18T02:54:59Z,0.5197,0.51973225,-0.006205118116098252
2025-09-18T02:55:59Z,0.52051068,0.52047771,0.006334565220855737
2025-09-18T02:56:59Z,0.52175999,0.52172705,0.006313646187217081
2025-09-18T02:57:59Z,0.5223,0.52228949,0.0020122939866196177
2025-09-18T02:58:59Z,0.52261341,0.52269056,-0.014760167086258491
2025-09-18T02:59:59Z,0.522725,0.52281112,-0.01647248819037772
2025-09-18T03:00:59Z,0.5221,0.52224219,-0.02722683129068315
2025-09-18T03:01:59Z,0.52180479,0.52205147,-0.04725204585669385
2025-09-18T03:02:59Z,0.5215,0.52146789,0.006157617873636667
2025-09-18T03:03:59Z,0.52192079,0.52193323,-0.0023834466335914684
2025-09-18T03:04:59Z,0.52241657,0.52242,-0.0006565598560603902
2025-09-18T03:05:59Z,0.523,0.52299738,0.0005009585325455035
2025-09-18T03:06:59Z,0.52299827,0.52296678,0.006021414974011208
2025-09-18T03:07:59Z,0.52335014,0.5233183,0.0060842512100256485
2025-09-18T03:08:59Z,0.52390028,0.52386851,0.006064498894953196
2025-09-18T03:09:59Z,0.5252367,0.52505467,0.03466877077773489
2025-09-18T03:10:59Z,0.52666237,0.52626329,0.0758327642423895
2025-09-18T03:11:59Z,0.52671104,0.52670609,0.0009398030692997494
2025-09-18T03:12:59Z,0.5277736,0.52775605,0.003325400059339678
2025-09-18T03:13:59Z,0.5277,0.52774858,-0.009205140826729075
2025-09-18T03:14:59Z,0.52773805,0.52778076,-0.008092375326451684
2025-09-18T03:15:59Z,0.52832764,0.52829993,0.005245126570430081
2025-09-18T03:16:59Z,0.52706243,0.52727814,-0.04091009727806849
2025-09-18T03:17:59Z,0.52607547,0.52628128,-0.03910646413263219
2025-09-18T03:18:59Z,0.52554152,0.52570205,-0.030536308542084
2025-09-18T03:19:59Z,0.52632766,0.52625801,0.013234952946361567
2025-09-18T03:20:59Z,0.52746405,0.52736108,0.01952552129935725
2025-09-18T03:21:59Z,0.52788957,0.52785907,0.005778057389460578
2025-09-18T03:22:59Z,0.52768208,0.52765163,0.005770853015274469
2025-09-18T03:23:59Z,0.52759884,0.52764877,-0.009462734083498514
2025-09-18T03:24:59Z,0.52588419,0.52610841,-0.04261859262048029
2025-09-18T03:25:59Z,0.5255109,0.52550699,0.0007440433856142903
2025-09-18T03:26:59Z,0.52532365,0.52545248,-0.024517916444122267
2025-09-18T03:27:59Z,0.52628486,0.52618649,0.01869489275561076
2025-09-18T03:28:59Z,0.52650353,0.52647379,0.005648904193322757
2025-09-18T03:29:59Z,0.5258,0.5260028,-0.03855492784448078
2025-09-18T03:30:59Z,0.52572799,0.52596252,-0.04459062976577277
2025-09-18T03:31:59Z,0.5253,0.52553752,-0.045195631322381136
2025-09-18T03:32:59Z,0.5255,0.52548544,0.002770771346205514
2025-09-18T03:33:59Z,0.52553981,0.52558025,-0.007694353050735625
2025-09-18T03:34:59Z,0.52575591,0.52589299,-0.02606613942506275
2025-09-18T03:35:59Z,0.52655119,0.52656623,-0.0028562408949106555
2025-09-18T03:36:59Z,0.5263,0.52634925,-0.00935690513476084
2025-09-18T03:37:59Z,0.5264,0.52646282,-0.011932466570008238
2025-09-18T03:38:59Z,0.5259,0.52604979,-0.028474490979257805
2025-09-18T03:39:59Z,0.52562718,0.52582894,-0.03836989268792834
2025-09-18T03:40:59Z,0.5257,0.5259147,-0.040824110830139926
2025-09-18T03:41:59Z,0.5255,0.52571164,-0.040257811297472745
2025-09-18T03:42:59Z,0.52543893,0.52565249,-0.040627601706988425
2025-09-18T03:43:59Z,0.5253,0.52540059,-0.019145391519248545
2025-09-18T03:44:59Z,0.5253,0.52537106,-0.013525678403381036
2025-09-18T03:45:59Z,0.52580741,0.52587461,-0.012778711640026863
2025-09-18T03:46:59Z,0.52571174,0.5258142,-0.019485970519628193
2025-09-18T03:47:59Z,0.52572486,0.5257975,-0.013815204522671376
2025-09-18T03:48:59Z,0.5257,0.52569343,0.0012497778410391902
2025-09-18T03:49:59Z,0.5255,0.52563005,-0.02474173613171704
2025-09-18T03:50:59Z,0.52535922,0.52554122,-0.03463096576896696
2025-09-18T03:51:59Z,0.5243908,0.52436371,0.005166261410427531
2025-09-18T03:52:59Z,0.52405308,0.52402611,0.005146690114354868
2025-09-18T03:53:59Z,0.5245,0.52448148,0.0035311065702314792
2025-09-18T03:54:59Z,0.5247,0.52467459,0.004843001830900917
2025-09-18T03:55:59Z,0.52483733,0.52489041,-0.010112587120814087
2025-09-18T03:56:59Z,0.5243,0.52441541,-0.02200736244574175
2025-09-18T03:57:59Z,0.5244,0.52438365,0.003117946183106568
2025-09-18T03:58:59Z,0.52470717,0.52467353,0.006411606089584687
2025-09-18T03:59:59Z,0.52465442,0.52462818,0.005001637540691384
2025-09-18T04:00:59Z,0.52533304,0.52530689,0.004978042454384379
2025-09-18T04:01:59Z,0.52565752,0.52573422,-0.014589120715791104
2025-09-18T04:02:59Z,0.52530388,0.52552556,-0.04218253437567876
2025-09-18T04:03:59Z,0.5253,0.52547623,-0.03353719729625171
2025-09-18T04:04:59Z,0.5253,0.52535527,-0.01052049977533498
2025-09-18T04:05:59Z,0.52498843,0.52517987,-0.036452273008868996
2025-09-18T04:06:59Z,0.5247,0.52477892,-0.01503871382638744
2025-09-18T04:07:59Z,0.52413289,0.52429372,-0.030675553390191457
2025-09-18T04:08:59Z,0.52395861,0.52408636,-0.024375753644867437
2025-09-18T04:09:59Z,0.5244,0.52439571,0.0008180844957683675
2025-09-18T04:10:59Z,0.52487984,0.52487437,0.0010421541444260995
2025-09-18T04:11:59Z,0.52547341,0.52536652,0.02034579592169461
2025-09-18T04:12:59Z,0.52554337,0.52551852,0.004728663035513669
2025-09-18T04:13:59Z,0.525,0.52511417,-0.021741938519770354
2025-09-18T04:14:59Z,0.52482505,0.52488806,-0.01200446434235225
2025-09-18T04:15:59Z,0.5248,0.52480713,-0.0013585943468341632
2025-09-18T04:16:59Z,0.5251907,0.52509673,0.017895750369656405
2025-09-18T04:17:59Z,0.52475144,0.52488448,-0.02534652958304795
2025-09-18T04:18:59Z,0.5238,0.52396799,-0.03206111884812568
2025-09-18T04:19:59Z,0.5235,0.52351886,-0.0036025445196097294
2025-09-18T04:20:59Z,0.5228,0.52289791,-0.018724496336186558
2025-09-18T04:21:59Z,0.52251607,0.52268087,-0.031529755431836115
2025-09-18T04:22:59Z,0.52287832,0.52285468,0.004521332772622344
2025-09-18T04:23:59Z,0.52213897,0.52228245,-0.027471725308780837
2025-09-18T04:24:59Z,0.52262553,0.5227049,-0.015184475982532586
2025-09-18T04:25:59Z,0.52255696,0.52253366,0.004459042887283715
2025-09-18T04:26:59Z,0.52298958,0.5229066,0.01586899075283199
2025-09-18T04:27:59Z,0.52247872,0.52252862,-0.009549716147616572
2025-09-18T04:28:59Z,0.5225,0.52250094,-0.0001799039825778337
2025-09-18T04:29:59Z,0.52241405,0.52250072,-0.01658753695116255
2025-09-18T04:30:59Z,0.52315003,0.52311614,0.006478484873384538
2025-09-18T04:31:59Z,0.523,0.5229761,0.004569998514258877
2025-09-18T04:32:59Z,0.52384708,0.52371156,0.025876839533589546
2025-09-18T04:33:59Z,0.52455917,0.5243318,0.043363763174375514
2025-09-18T04:34:59Z,0.52429153,0.52426913,0.0042726147160276895
2025-09-18T04:35:59Z,0.52381113,0.52385257,-0.007910622639484277
2025-09-18T04:36:59Z,0.52386198,0.52383983,0.004228391720406677
2025-09-18T04:37:59Z,0.5236,0.52361206,-0.0023032319003690738
2025-09-18T04:38:59Z,0.52339031,0.52336839,0.004188254472148323
2025-09-18T04:39:59Z,0.52299064,0.52301837,-0.005301917024447267
2025-09-18T04:40:59Z,0.5232,0.5232697,-0.013320090958823805
2025-09-18T04:41:59Z,0.52448426,0.52446262,0.004126128188142175
2025-09-18T04:42:59Z,0.52585595,0.52560149,0.04841310476497718
2025-09-18T04:43:59Z,0.52558425,0.52556279,0.004083241890096012
2025-09-18T04:44:59Z,0.5255,0.5255702,-0.013356921682394773
2025-09-18T04:45:59Z,0.52543492,0.5255615,-0.024084717012184953
2025-09-18T04:46:59Z,0.5252,0.52542019,-0.04190741128542452
2025-09-18T04:47:59Z,0.5258,0.52579065,0.0017782742998573298
2025-09-18T04:48:59Z,0.52546206,0.52561239,-0.028600923962252
2025-09-18T04:49:59Z,0.5251,0.52520345,-0.01969712879837937
2025-09-18T04:50:59Z,0.52511275,0.5252036,-0.01729805355484837
2025-09-18T04:51:59Z,0.52562831,0.52560772,0.0039173701634309666
2025-09-18T04:52:59Z,0.52566534,0.52570138,-0.006855603080213601
2025-09-18T04:53:59Z,0.525,0.52515874,-0.030227050967468472
2025-09-18T04:54:59Z,0.52492351,0.52505577,-0.02518970508599283
2025-09-18T04:55:59Z,0.52462922,0.52480474,-0.033444819877193055
2025-09-18T04:56:59Z,0.52537684,0.52543964,-0.011951896130257822
2025-09-18T04:57:59Z,0.52538172,0.5253618,0.003791672710140581
2025-09-18T04:58:59Z,0.5253,0.52537995,-0.015217558264268849
2025-09-18T04:59:59Z,0.5252,0.52531239,-0.021394888477688223
2025-09-18T05:00:59Z,0.5245,0.52468286,-0.03485152916945511
2025-09-18T05:01:59Z,0.5241,0.52428222,-0.03475608995475721
2025-09-18T05:02:59Z,0.5235,0.5236477,-0.02820598658221929
2025-09-18T05:03:59Z,0.5238,0.52394804,-0.028254710142616712
2025-09-18T05:04:59Z,0.5235,0.5235694,-0.01325516731879306
2025-09-18T05:05:59Z,0.52291998,0.52316608,-0.04704051149494459
2025-09-18T05:06:59Z,0.5225,0.52268308,-0.035026961270678836
2025-09-18T05:07:59Z,0.52287139,0.52285264,0.0035860964573197762
2025-09-18T05:08:59Z,0.5227696,0.52282439,-0.010479618213699027
2025-09-18T05:09:59Z,0.5227,0.52272652,-0.00507339861002265
2025-09-18T05:10:59Z,0.52249977,0.52254848,-0.0093216231343618
2025-09-18T05:11:59Z,0.5227,0.52273666,-0.007013091448360154
2025-09-18T05:12:59Z,0.5227555,0.52279149,-0.0068841977515665675
2025-09-18T05:13:59Z,0.5230031,0.52298502,0.00345707798667938
2025-09-18T05:14:59Z,0.52312473,0.52310023,0.0046836148399398425
2025-09-18T05:15:59Z,0.52359322,0.52351885,0.014205792207855339
2025-09-18T05:16:59Z,0.5232,0.52320797,-0.0015232948381793676
2025-09-18T05:17:59Z,0.5232,0.523177,0.004396217723634521
2025-09-18T05:18:59Z,0.52341191,0.52340683,0.0009705643313706602
2025-09-18T05:19:59Z,0.52305339,0.52308237,-0.0055402364258716474
2025-09-18T05:20:59Z,0.52260542,0.52273391,-0.024580383545436124
2025-09-18T05:21:59Z,0.5229,0.52295751,-0.010997069341256438
2025-09-18T05:22:59Z,0.5228,0.52286311,-0.01207008082859673
2025-09-18T05:23:59Z,0.52241783,0.52261364,-0.03746744918483591
2025-09-18T05:24:59Z,0.5226,0.52268484,-0.016231578478553832
2025-09-18T05:25:59Z,0.5224,0.52239487,0.0009820157690354492
2025-09-18T05:26:59Z,0.52240609,0.52241879,-0.0024309998497562546
2025-09-18T05:27:59Z,0.5217,0.52176252,-0.011982462826187756
2025-09-18T05:28:59Z,0.52076178,0.52078229,-0.003938305966588729
2025-09-18T05:29:59Z,0.5208,0.52078611,0.0026671218247509287
2025-09-18T05:30:59Z,0.5208,0.5208669,-0.012843972231668666
2025-09-18T05:31:59Z,0.52081859,0.52079601,0.00433567069761942
2025-09-18T05:32:59Z,0.5204915,0.52058681,-0.01830818571834092
2025-09-18T05:33:59Z,0.5195,0.51976848,-0.051653767077219914
2025-09-18T05:34:59Z,0.5195,0.5195066,-0.001270436217759574
2025-09-18T05:35:59Z,0.51938253,0.51947219,-0.017259826748372564
2025-09-18T05:36:59Z,0.51925744,0.51937641,-0.022906315671911148
2025-09-18T05:37:59Z,0.5192,0.51920393,-0.0007569280147778912
2025-09-18T05:38:59Z,0.51867011,0.51865488,0.0029364420517818957
2025-09-18T05:39:59Z,0.51844678,0.51847889,-0.006193116174901814
2025-09-18T05:40:59Z,0.51926092,0.5191692,0.01766668746914224
2025-09-18T05:41:59Z,0.51915925,0.5190681,0.017560316266762577
2025-09-18T05:42:59Z,0.51963308,0.51961825,0.0028540183105718597
2025-09-18T05:43:59Z,0.5196498,0.5196832,-0.006426992444619195
2025-09-18T05:44:59Z,0.52009653,0.52009862,-0.0004018468651056928
2025-09-18T05:45:59Z,0.5198,0.51986288,-0.012095497181874304
2025-09-18T05:46:59Z,0.52,0.52005702,-0.010964182350614582
2025-09-18T05:47:59Z,0.5202,0.52029005,-0.017307653682774315
2025-09-18T05:48:59Z,0.51907619,0.51932787,-0.0484626407590949
2025-09-18T05:49:59Z,0.519,0.51922623,-0.0435706031261196
2025-09-18T05:50:59Z,0.51898765,0.51918375,-0.03777082776570406
2025-09-18T05:51:59Z,0.5189,0.5190508,-0.029053032959391878
2025-09-18T05:52:59Z,0.51911601,0.5193223,-0.039722923510132624
2025-09-18T05:53:59Z,0.5193,0.51934822,-0.009284714598623012
2025-09-18T05:54:59Z,0.519,0.51901758,-0.003387168503998783
2025-09-18T05:55:59Z,0.5188,0.51882697,-0.0051982648473281046
2025-09-18T05:56:59Z,0.51891569,0.51899295,-0.014886522061607899
2025-09-18T05:57:59Z,0.5192,0.51924322,-0.0083236522568364
2025-09-18T05:58:59Z,0.5191,0.51917179,-0.013827792916099035
2025-09-18T05:59:59Z,0.51921322,0.51925482,-0.008011480760061751
2025-09-18T06:00:59Z,0.52004931,0.51998458,0.012448446067381269
2025-09-18T06:01:59Z,0.5198,0.51986813,-0.013105246517020053
2025-09-18T06:02:59Z,0.51968535,0.51967268,0.002438073134825025
2025-09-18T06:03:59Z,0.5198,0.51990737,-0.020651755715628273
2025-09-18T06:04:59Z,0.51922894,0.51948418,-0.04913335378181616
2025-09-18T06:05:59Z,0.51873837,0.5190851,-0.06679636922730658
2025-09-18T06:06:59Z,0.5186,0.51886844,-0.05173565769389654
2025-09-18T06:07:59Z,0.5185,0.51879504,-0.05687024301543886
2025-09-18T06:08:59Z,0.51820968,0.51858171,-0.07173989996677177
2025-09-18T06:09:59Z,0.5178,0.51797572,-0.03392437004575699
2025-09-18T06:10:59Z,0.5166,0.51687672,-0.0535369439737976
2025-09-18T06:11:59Z,0.5172,0.51726765,-0.013078335751326442
2025-09-18T06:12:59Z,0.51644063,0.51670571,-0.05130192968063607
2025-09-18T06:13:59Z,0.51536831,0.51517482,0.03755812444405926
2025-09-18T06:14:59Z,0.51506318,0.51508392,-0.004026528337375268
2025-09-18T06:15:59Z,0.5149,0.51488392,0.0031230340228782794
2025-09-18T06:16:59Z,0.51621297,0.51612598,0.016854412172784272
2025-09-18T06:17:59Z,0.5165373,0.51655174,-0.0027954605283264655
2025-09-18T06:18:59Z,0.5166865,0.51667562,0.00210576996066969
2025-09-18T06:19:59Z,0.51621565,0.51629771,-0.01589393065485334
2025-09-18T06:20:59Z,0.51667607,0.51667194,0.000799346680224744
2025-09-18T06:21:59Z,0.51677358,0.51685283,-0.015333184883614681
2025-09-18T06:22:59Z,0.5164,0.51642069,-0.004006423522662228
2025-09-18T06:23:59Z,0.5163,0.51631461,-0.0028296700726793134
2025-09-18T06:24:59Z,0.5161,0.51617886,-0.01527765007657278
2025-09-18T06:25:59Z,0.51579021,0.51593587,-0.02823219095038354
2025-09-18T06:26:59Z,0.5151,0.51525202,-0.029504008543246307
2025-09-18T06:27:59Z,0.5149,0.5150338,-0.025978877502785824
2025-09-18T06:28:59Z,0.5143,0.51437738,-0.015043429786898432
2025-09-18T06:29:59Z,0.51430993,0.5144339,-0.024098334110556063
2025-09-18T06:30:59Z,0.51360451,0.51381052,-0.04009454691586978
2025-09-18T06:31:59Z,0.514,0.51412633,-0.024571781803117698
2025-09-18T06:32:59Z,0.5148195,0.51483375,-0.002767883807153204
2025-09-18T06:33:59Z,0.51588205,0.51592256,-0.007851953595527927
2025-09-18T06:34:59Z,0.51589601,0.51595912,-0.012231589200328852
2025-09-18T06:35:59Z,0.51603936,0.51612675,-0.016931887370696952
2025-09-18T06:36:59Z,0.51593024,0.51613166,-0.039024926314346065
2025-09-18T06:37:59Z,0.5154,0.51562373,-0.043390167477352914
2025-09-18T06:38:59Z,0.5155,0.51552334,-0.00452743807876077
2025-09-18T06:39:59Z,0.5151,0.51517675,-0.014897799638657894
2025-09-18T06:40:59Z,0.51547412,0.51564812,-0.03374394150802429
2025-09-18T06:41:59Z,0.515,0.51519294,-0.03745004735508095
2025-09-18T06:42:59Z,0.5156,0.51563401,-0.006595763533912002
2025-09-18T06:43:59Z,0.5156,0.51564887,-0.00947737944234639
2025-09-18T06:44:59Z,0.51541912,0.51555777,-0.02689320345226065
2025-09-18T06:45:59Z,0.5158661,0.51598839,-0.02370014565636902
2025-09-18T06:46:59Z,0.5162,0.5163123,-0.021750401840114897
2025-09-18T06:47:59Z,0.51622325,0.51636793,-0.028018781104399704
2025-09-18T06:48:59Z,0.5159,0.51600933,-0.0211876013947343
2025-09-18T06:49:59Z,0.516,0.5161753,-0.033961330578968774
2025-09-18T06:50:59Z,0.516,0.51605909,-0.011450239157695385
2025-09-18T06:51:59Z,0.5155,0.51560867,-0.021076061424651904
2025-09-18T06:52:59Z,0.51490626,0.51516154,-0.04955338863225078
2025-09-18T06:53:59Z,0.5149,0.51509891,-0.03861588447157116
2025-09-18T06:54:59Z,0.5152,0.51527509,-0.014572798386203178
2025-09-18T06:55:59Z,0.5158,0.515857,-0.011049573815991032
2025-09-18T06:56:59Z,0.5159,0.51597132,-0.013822473698732463
2025-09-18T06:57:59Z,0.51638807,0.5163814,0.0012916809164709164
2025-09-18T06:58:59Z,0.51639739,0.51647774,-0.01555730165642144
2025-09-18T06:59:59Z,0.5162,0.5162637,-0.012338655613397531
2025-09-18T07:00:59Z,0.5164,0.51643621,-0.007011514548904696
2025-09-18T07:01:59Z,0.5169188,0.51685067,0.013181757121460969
2025-09-18T07:02:59Z,0.51699802,0.51696982,0.005454863883525007
2025-09-18T07:03:59Z,0.51752239,0.51751635,0.001167112884470356
2025-09-18T07:04:59Z,0.51806277,0.51805683,0.0011465923535736167
2025-09-18T07:05:59Z,0.51857558,0.51856611,0.0018261895286642016
2025-09-18T07:06:59Z,0.5178947,0.51792125,-0.0051262619558345435
2025-09-18T07:07:59Z,0.5175,0.51754248,-0.008208021880651284
2025-09-18T07:08:59Z,0.51713575,0.51733451,-0.038420015707041344
2025-09-18T07:09:59Z,0.5175,0.5175015,-0.00028985423230487584
2025-09-18T07:10:59Z,0.51783041,0.51791255,-0.01585982034999489
2025-09-18T07:11:59Z,0.51817433,0.51816916,0.0009977436711938736
2025-09-18T07:12:59Z,0.51769941,0.51769435,0.0009774107057491932
2025-09-18T07:13:59Z,0.51778802,0.5178757,-0.016930703641826472
2025-09-18T07:14:59Z,0.5173,0.51749705,-0.038077511746203996
2025-09-18T07:15:59Z,0.5178,0.51780349,-0.000674000864686608
2025-09-18T07:16:59Z,0.5174,0.51752528,-0.02420751310930891
2025-09-18T07:17:59Z,0.5172058,0.51737213,-0.03214900655742481
2025-09-18T07:18:59Z,0.51771206,0.51780339,-0.017637968727846065
2025-09-18T07:19:59Z,0.5177,0.51782913,-0.024936797201791094
2025-09-18T07:20:59Z,0.51765563,0.51776626,-0.021366784309195808
2025-09-18T07:21:59Z,0.5168,0.51690126,-0.019589814890375035
2025-09-18T07:22:59Z,0.5164,0.51660417,-0.03952155477181529
2025-09-18T07:23:59Z,0.516,0.51609017,-0.01747175304656068
2025-09-18T07:24:59Z,0.51580272,0.51599625,-0.0375060865267951
2025-09-18T07:25:59Z,0.516,0.5161419,-0.027492439579124284
2025-09-18T07:26:59Z,0.5159435,0.51603752,-0.018219605427149954
2025-09-18T07:27:59Z,0.5163,0.51633068,-0.005941928533093055
2025-09-18T07:28:59Z,0.51644171,0.51651021,-0.013262080530784814
2025-09-18T07:29:59Z,0.51670637,0.516745,-0.007475640789955662
2025-09-18T07:30:59Z,0.51751645,0.51751332,0.0006048153504467635
2025-09-18T07:31:59Z,0.5169,0.51694283,-0.008285248873640683
2025-09-18T07:32:59Z,0.5175,0.51751421,-0.002745818322558158
2025-09-18T07:33:59Z,0.51725487,0.51732177,-0.012931990084230627
2025-09-18T07:34:59Z,0.5173,0.51731336,-0.002582573935472343
2025-09-18T07:35:59Z,0.51646304,0.51657765,-0.022186403147717026
2025-09-18T07:36:59Z,0.51654739,0.51654491,0.0004801131425313798
2025-09-18T07:37:59Z,0.51708921,0.51708477,0.0008586599833604325
2025-09-18T07:38:59Z,0.5172,0.51720025,-4.833717694996409e-05
2025-09-18T07:39:59Z,0.51721328,0.51721112,0.0004176244315701183
2025-09-18T07:40:59Z,0.51748969,0.51750966,-0.003858865165917713
2025-09-18T07:41:59Z,0.51769211,0.51765114,0.007914596691516174
2025-09-18T07:42:59Z,0.51767896,0.51768658,-0.0014719330758028448
2025-09-18T07:43:59Z,0.51807863,0.5180769,0.0003339272606206478
2025-09-18T07:44:59Z,0.51803224,0.51810957,-0.014925414328859077
2025-09-18T07:45:59Z,0.51805365,0.51805214,0.0002914764525518976
2025-09-18T07:46:59Z,0.51847877,0.51849574,-0.003272929494080312
2025-09-18T07:47:59Z,0.5178,0.51786216,-0.012003194054555077
2025-09-18T07:48:59Z,0.51869878,0.51877427,-0.014551608351731637
2025-09-18T07:49:59Z,0.51932464,0.51923387,0.017481525232554418
2025-09-18T07:50:59Z,0.5183,0.51839785,-0.018875464086143268
2025-09-18T07:51:59Z,0.5177,0.51773004,-0.005802251690856242
2025-09-18T07:52:59Z,0.5173,0.51743795,-0.02666020147924497
2025-09-18T07:53:59Z,0.51703616,0.51720968,-0.0335492560773476
2025-09-18T07:54:59Z,0.5173,0.51734881,-0.009434640431471575
2025-09-18T07:55:59Z,0.51719488,0.51719446,8.12073663647439e-05
2025-09-18T07:56:59Z,0.51706674,0.5172224,-0.030095370966143342
2025-09-18T07:57:59Z,0.5169,0.5170898,-0.03670542331332127
2025-09-18T07:58:59Z,0.5172,0.51734414,-0.0278615313976438
2025-09-18T07:59:59Z,0.517,0.51713959,-0.02699271196776598
2025-09-18T08:00:59Z,0.5176,0.51757482,0.004864997103215529
2025-09-18T08:01:59Z,0.51782324,0.517971,-0.028526693579356
2025-09-18T08:02:59Z,0.51783145,0.51796152,-0.025111904065766577
2025-09-18T08:03:59Z,0.51814575,0.51830094,-0.029942064160659587
2025-09-18T08:04:59Z,0.5176,0.51778012,-0.03478696710101925
2025-09-18T08:05:59Z,0.51766646,0.51787678,-0.040611977235205377
2025-09-18T08:06:59Z,0.5178,0.51790967,-0.021175507304194152
2025-09-18T08:07:59Z,0.51692302,0.51686567,0.011095726284149343
2025-09-18T08:08:59Z,0.5166,0.516594,0.0011614536754134264
2025-09-18T08:09:59Z,0.5161,0.51611107,-0.0021448871460938435
2025-09-18T08:10:59Z,0.51648414,0.51644021,0.008506308987832334
2025-09-18T08:11:59Z,0.51681612,0.51676573,0.009751033606653081
2025-09-18T08:12:59Z,0.51790415,0.51785376,0.00973054632256165
2025-09-18T08:13:59Z,0.51829542,0.51824511,0.009707761641974955
2025-09-18T08:14:59Z,0.51832266,0.51830534,0.0033416595708102292
2025-09-18T08:15:59Z,0.5190013,0.51894986,0.009912325633920638
2025-09-18T08:16:59Z,0.51784926,0.51794903,-0.019262513147300098
2025-09-18T08:17:59Z,0.5179,0.51795379,-0.010385096322962362
2025-09-18T08:18:59Z,0.51789157,0.51795474,-0.01219604631864657
2025-09-18T08:19:59Z,0.51830262,0.51838304,-0.015513624828455974
2025-09-18T08:20:59Z,0.51895827,0.51890864,0.009564304036269178
2025-09-18T08:21:59Z,0.51956423,0.51948342,0.015555838143965772
2025-09-18T08:22:59Z,0.5196,0.51963968,-0.007636060433280356
2025-09-18T08:23:59Z,0.51988113,0.51995354,-0.013926244256368125
2025-09-18T08:24:59Z,0.52003664,0.51998755,0.009440610645405911
2025-09-18T08:25:59Z,0.51927349,0.5193881,-0.022066350769300858
2025-09-18T08:26:59Z,0.5191,0.51923468,-0.02593817500786688
2025-09-18T08:27:59Z,0.51972209,0.51979083,-0.013224550344603792
2025-09-18T08:28:59Z,0.5194,0.51948494,-0.016350810862786336
2025-09-18T08:29:59Z,0.51937643,0.51949928,-0.02364777098440296
2025-09-18T08:30:59Z,0.5194626,0.5195558,-0.017938400456696257
2025-09-18T08:31:59Z,0.519,0.51911319,-0.021804493158805727
2025-09-18T08:32:59Z,0.5191,0.51909084,0.001764623702471546
2025-09-18T08:33:59Z,0.519,0.51900997,-0.0019209650250151533
2025-09-18T08:34:59Z,0.5196,0.51960993,-0.001911048928582293
2025-09-18T08:35:59Z,0.51955643,0.5196315,-0.0144467762250855
2025-09-18T08:36:59Z,0.5201152,0.52012795,-0.002451319910801164
2025-09-18T08:37:59Z,0.52017066,0.52015345,0.0033086390179626335
2025-09-18T08:38:59Z,0.52004157,0.51999597,0.008769298731281516
2025-09-18T08:39:59Z,0.52,0.51997139,0.005502225805154026
2025-09-18T08:40:59Z,0.5198,0.51980685,-0.0013177971779354536
2025-09-18T08:41:59Z,0.5194,0.51953054,-0.02512653057893388
2025-09-18T08:42:59Z,0.5191,0.51917117,-0.013708388314404019
2025-09-18T08:43:59Z,0.5181,0.51828007,-0.03474376315492078
2025-09-18T08:44:59Z,0.51802624,0.51820115,-0.03375330216848216
2025-09-18T08:45:59Z,0.5166,0.5166418,-0.008090711978803178
2025-09-18T08:46:59Z,0.51660515,0.51667912,-0.014316429121441487
2025-09-18T08:47:59Z,0.51723982,0.51715524,0.016354857005795864
2025-09-18T08:48:59Z,0.518,0.51796455,0.006844097728309073
2025-09-18T08:49:59Z,0.518,0.51802174,-0.004196735063666246
2025-09-18T08:50:59Z,0.51798232,0.51806807,-0.01655187898378374
2025-09-18T08:51:59Z,0.51782647,0.517898,-0.013811599967550325
2025-09-18T08:52:59Z,0.51813454,0.51815775,-0.004479330860140962
2025-09-18T08:53:59Z,0.51811413,0.51811641,-0.00044005554659110047
2025-09-18T08:54:59Z,0.51845684,0.51847298,-0.0031129876816193836
2025-09-18T08:55:59Z,0.5178,0.5178902,-0.017416819240823056
2025-09-18T08:56:59Z,0.5179,0.51788919,0.00208731910391613
2025-09-18T08:57:59Z,0.51872397,0.51867837,0.008791575403455099
2025-09-18T08:58:59Z,0.51855986,0.51855786,0.0003856850226746644
2025-09-18T08:59:59Z,0.519,0.51903179,-0.006124865685008807
2025-09-18T09:00:59Z,0.5191,0.51908648,0.002604575638343043
2025-09-18T09:01:59Z,0.51844642,0.51859804,-0.029236516204345087
2025-09-18T09:02:59Z,0.5177,0.51788993,-0.03667381599793407
2025-09-18T09:03:59Z,0.5178234,0.51786836,-0.008681742981941909
2025-09-18T09:04:59Z,0.5176,0.51769536,-0.018420099419103053
2025-09-18T09:05:59Z,0.51736107,0.51747018,-0.02108527297167706
2025-09-18T09:06:59Z,0.5174,0.51742289,-0.004423847580459217
2025-09-18T09:07:59Z,0.51797231,0.51792785,0.008584207240458497
2025-09-18T09:08:59Z,0.51825616,0.51821319,0.00829195412799244
2025-09-18T09:09:59Z,0.51855969,0.5185154,0.00854169422934703
2025-09-18T09:10:59Z,0.51912846,0.51908422,0.008522701768898244
2025-09-18T09:11:59Z,0.51908249,0.51903837,0.00850033495596314
2025-09-18T09:12:59Z,0.5186,0.51855696,0.008299956093549277
2025-09-18T09:13:59Z,0.5185,0.51848956,0.0020135410248034447
2025-09-18T09:14:59Z,0.51808958,0.51804587,0.008437476781741893
2025-09-18T09:15:59Z,0.5186,0.5184909,0.021041835064017356
2025-09-18T09:16:59Z,0.5195,0.51936754,0.02550409677124499
2025-09-18T09:17:59Z,0.519,0.51897624,0.004578244275710297
2025-09-18T09:18:59Z,0.51899425,0.51896598,0.005447370557876141
2025-09-18T09:19:59Z,0.51971493,0.51967982,0.006756083005110547
2025-09-18T09:20:59Z,0.5195,0.5194745,0.004908806880798977
2025-09-18T09:21:59Z,0.51977677,0.51973367,0.008292708840662577
2025-09-18T09:22:59Z,0.5198,0.51981462,-0.0028125411324464444
2025-09-18T09:23:59Z,0.51942628,0.51953483,-0.020893690611656357
2025-09-18T09:24:59Z,0.519,0.51910875,-0.02094936754581944
2025-09-18T09:25:59Z,0.5186,0.5187,-0.019278966647406914
2025-09-18T09:26:59Z,0.51923371,0.51919121,0.008185808846783438
2025-09-18T09:27:59Z,0.51944132,0.51957178,-0.025109138914369833
2025-09-18T09:28:59Z,0.51969232,0.5196565,0.006893014905040573
2025-09-18T09:29:59Z,0.51966188,0.51973259,-0.013605073332045858
2025-09-18T09:30:59Z,0.51982081,0.51977869,0.008103448796648038
2025-09-18T09:31:59Z,0.51931728,0.5194463,-0.024837986140247015
2025-09-18T09:32:59Z,0.51900734,0.51909406,-0.016706028190727196
2025-09-18T09:33:59Z,0.51851292,0.51869392,-0.03489533866137817
2025-09-18T09:34:59Z,0.518,0.51823516,-0.04537708325309531
2025-09-18T09:35:59Z,0.5184968,0.51865048,-0.02963074477441152
2025-09-18T09:36:59Z,0.51805168,0.51811486,-0.012194207284454972
2025-09-18T09:37:59Z,0.51826507,0.51822383,0.007957951296821975
2025-09-18T09:38:59Z,0.518,0.51798129,0.0036120995798860633
2025-09-18T09:39:59Z,0.51827527,0.51823436,0.0078941118454523
2025-09-18T09:40:59Z,0.5185824,0.51854145,0.007897150748514825
2025-09-18T09:41:59Z,0.51878003,0.51869609,0.01618288659162026
2025-09-18T09:42:59Z,0.519,0.51893357,0.012801253154637315
2025-09-18T09:43:59Z,0.5185,0.51851327,-0.002559240190724843
2025-09-18T09:44:59Z,0.51864297,0.51856328,0.015367459107418213
2025-09-18T09:45:59Z,0.51888898,0.51883159,0.0110613927729597
2025-09-18T09:46:59Z,0.51954747,0.5195071,0.007770827386188728
2025-09-18T09:47:59Z,0.51840574,0.51864572,-0.04627050619447903
2025-09-18T09:48:59Z,0.5183005,0.51850006,-0.03848794154430735
2025-09-18T09:49:59Z,0.5183,0.51843333,-0.025717868100816332
2025-09-18T09:50:59Z,0.5188,0.51874059,0.0114527378703988
2025-09-18T09:51:59Z,0.51881609,0.51885018,-0.006570297421903959
2025-09-18T09:52:59Z,0.5186,0.51868931,-0.01721839997049779
2025-09-18T09:53:59Z,0.51895361,0.51894981,0.0007322480761740024
2025-09-18T09:54:59Z,0.51890953,0.51894915,-0.0076346593881115865
2025-09-18T09:55:59Z,0.51824878,0.51839639,-0.028474349522389364
2025-09-18T09:56:59Z,0.5181529,0.5182877,-0.02600872063913684
2025-09-18T09:57:59Z,0.51781008,0.51802024,-0.04056984337138525
2025-09-18T09:58:59Z,0.5182,0.51822913,-0.005621065724348284
2025-09-18T09:59:59Z,0.51830927,0.51836444,-0.010643091181172792
2025-09-18T10:00:59Z,0.5184,0.51844554,-0.008783950576563004
2025-09-18T10:01:59Z,0.5183,0.51840424,-0.020107860228912866
2025-09-18T10:02:59Z,0.519067,0.51908168,-0.0028280712970008004
2025-09-18T10:03:59Z,0.51862723,0.51866236,-0.006773192486919655
2025-09-18T10:04:59Z,0.51830039,0.51827569,0.0047658033121456
2025-09-18T10:05:59Z,0.518,0.51815195,-0.029325374535404958
2025-09-18T10:06:59Z,0.5182,0.51828239,-0.015896739227427847
2025-09-18T10:07:59Z,0.5175,0.51753633,-0.0070197970449825675
2025-09-18T10:08:59Z,0.5175,0.51757135,-0.013785538940669362
2025-09-18T10:09:59Z,0.5168,0.51678867,0.002192385525812135
2025-09-18T10:10:59Z,0.5158717,0.51609144,-0.04257772614866262
2025-09-18T10:11:59Z,0.51604113,0.51600372,0.007249947732912432
2025-09-18T10:12:59Z,0.5155,0.51558851,-0.017166790625355866
2025-09-18T10:13:59Z,0.5154,0.51540234,-0.00045401423671709296
2025-09-18T10:14:59Z,0.5157,0.51567952,0.0039714588626837966
2025-09-18T10:15:59Z,0.51563097,0.51572431,-0.0180988171761709
2025-09-18T10:16:59Z,0.5148,0.51497881,-0.03472181700058252
2025-09-18T10:17:59Z,0.5155,0.51556447,-0.012504740677743431
2025-09-18T10:18:59Z,0.5154,0.51550692,-0.020740749707104378
2025-09-18T10:19:59Z,0.51599704,0.51596049,0.007083875744062773
2025-09-18T10:20:59Z,0.51560319,0.51569309,-0.01743284944927259
2025-09-18T10:21:59Z,0.5148,0.51493236,-0.025704346877708506
2025-09-18T10:22:59Z,0.51496597,0.51514928,-0.03558386027445737
2025-09-18T10:23:59Z,0.5146273,0.51455373,0.014297826584597217
2025-09-18T10:24:59Z,0.51463863,0.51476973,-0.025467697954972834
2025-09-18T10:25:59Z,0.51427948,0.51445177,-0.033490019871051935
2025-09-18T10:26:59Z,0.51438957,0.51435389,0.006936858200878859
2025-09-18T10:27:59Z,0.51443441,0.51439883,0.006916811999757577
2025-09-18T10:28:59Z,0.51404491,0.51418096,-0.02645955618427731
2025-09-18T10:29:59Z,0.514,0.51407752,-0.015079437824849773
2025-09-18T10:30:59Z,0.5144,0.51439492,0.0009875680731852299
2025-09-18T10:31:59Z,0.51459124,0.51456912,0.004298742217567764
2025-09-18T10:32:59Z,0.51522168,0.51518659,0.006811124489880527
2025-09-18T10:33:59Z,0.5153,0.51533523,-0.006836326714954044
2025-09-18T10:34:59Z,0.5151,0.51520861,-0.02108078123926882
2025-09-18T10:35:59Z,0.5148,0.51492344,-0.023972495794710724
2025-09-18T10:36:59Z,0.51500528,0.51512068,-0.022402517406205913
2025-09-18T10:37:59Z,0.5152,0.51528476,-0.016449157161180228
2025-09-18T10:38:59Z,0.5151,0.51510002,-3.88274106200015e-06
2025-09-18T10:39:59Z,0.5151,0.51512612,-0.005070602904011512
2025-09-18T10:40:59Z,0.51522038,0.51526177,-0.008032810196634266
2025-09-18T10:41:59Z,0.51525598,0.51522184,0.006626271898713121
2025-09-18T10:42:59Z,0.51523528,0.51529423,-0.011440065998802318
2025-09-18T10:43:59Z,0.51516993,0.51524206,-0.013999245325579945
2025-09-18T10:44:59Z,0.51514391,0.51519206,-0.009346029129386757
2025-09-18T10:45:59Z,0.51499845,0.51496476,0.006542195236813875
2025-09-18T10:46:59Z,0.5147,0.51479157,-0.017787781567579763
2025-09-18T10:47:59Z,0.51510878,0.51514107,-0.00626818591651368
2025-09-18T10:48:59Z,0.51529192,0.51525853,0.006480242064110797
2025-09-18T10:49:59Z,0.51505803,0.51513767,-0.015459944911433432
2025-09-18T10:50:59Z,0.5148,0.51485321,-0.01033498460656368
2025-09-18T10:51:59Z,0.5153,0.51530756,-0.0014670850161824234
2025-09-18T10:52:59Z,0.5149,0.51498648,-0.01679267385815697
2025-09-18T10:53:59Z,0.515,0.51502988,-0.005801605141830812
2025-09-18T10:54:59Z,0.515,0.51501376,-0.0026717732745540346
2025-09-18T10:55:59Z,0.5148,0.51485507,-0.010696213985017522
2025-09-18T10:56:59Z,0.5149,0.5149457,-0.008874722130880475
2025-09-18T10:57:59Z,0.51470064,0.51482706,-0.02455581880251856
2025-09-18T10:58:59Z,0.51492112,0.51501715,-0.018645981012477275
2025-09-18T10:59:59Z,0.5146,0.51475714,-0.030527017070614004
2025-09-18T11:00:59Z,0.51557004,0.51553792,0.00623038553593247
2025-09-18T11:01:59Z,0.51530177,0.51543584,-0.02601099682939534
2025-09-18T11:02:59Z,0.5147,0.51476811,-0.013231200355423578
2025-09-18T11:03:59Z,0.515,0.51502925,-0.005679289088922346
2025-09-18T11:04:59Z,0.5153579,0.5152981,0.01160493314453781
2025-09-18T11:05:59Z,0.5151,0.5150894,0.002057895192564274
2025-09-18T11:06:59Z,0.51508732,0.51511403,-0.005185259659878927
2025-09-18T11:07:59Z,0.5156,0.51552925,0.013723760581951794
2025-09-18T11:08:59Z,0.51539824,0.51536699,0.006063640203279874
2025-09-18T11:09:59Z,0.51578122,0.51560646,0.03389406719225274
2025-09-18T11:10:59Z,0.51504602,0.51522531,-0.03479836811589587
2025-09-18T11:11:59Z,0.51500333,0.51515097,-0.028659559740318308
2025-09-18T11:12:59Z,0.5147,0.51482154,-0.02360818080765492
2025-09-18T11:13:59Z,0.5144,0.51461593,-0.041959447310557785
2025-09-18T11:14:59Z,0.51493615,0.51496722,-0.006033393737159276
2025-09-18T11:15:59Z,0.5154,0.51539606,0.0007644606363266249
2025-09-18T11:16:59Z,0.51557239,0.51567627,-0.020144421227696885
2025-09-18T11:17:59Z,0.5156,0.5155758,0.004693781205378222
2025-09-18T11:18:59Z,0.5158,0.51583702,-0.007176685380183567
2025-09-18T11:19:59Z,0.5158,0.51579318,0.0013222353967723421
2025-09-18T11:20:59Z,0.51621793,0.51618792,0.005813774177432229
2025-09-18T11:21:59Z,0.5158,0.51597383,-0.03368969313810588
2025-09-18T11:22:59Z,0.5158,0.51590822,-0.020976599287370057
2025-09-18T11:23:59Z,0.5159,0.51596943,-0.013456223559582536
2025-09-18T11:24:59Z,0.51562498,0.51583659,-0.041022681233227054
2025-09-18T11:25:59Z,0.5151,0.51533829,-0.04623952937786724
2025-09-18T11:26:59Z,0.51504355,0.51528552,-0.04695843190005711
2025-09-18T11:27:59Z,0.51511449,0.51526104,-0.028441894228981024
2025-09-18T11:28:59Z,0.515,0.51514575,-0.028292963690357276
2025-09-18T11:29:59Z,0.5153,0.51535079,-0.009855422944038406
2025-09-18T11:30:59Z,0.51535029,0.51547546,-0.024282436257971884
2025-09-18T11:31:59Z,0.5153,0.51546507,-0.03202350840183499
2025-09-18T11:32:59Z,0.51590309,0.51592763,-0.00475648105916493
2025-09-18T11:33:59Z,0.51543019,0.5156536,-0.04332559687356685
2025-09-18T11:34:59Z,0.5157829,0.51583043,-0.009214268340063114
2025-09-18T11:35:59Z,0.5162,0.5162525,-0.010169442278729068
2025-09-18T11:36:59Z,0.51584949,0.51595738,-0.02091064188286529
2025-09-18T11:37:59Z,0.51551704,0.51573565,-0.0423879947023309
2025-09-18T11:38:59Z,0.5156,0.51563966,-0.00769141768499626
2025-09-18T11:39:59Z,0.51597229,0.51594434,0.005417251015882307
2025-09-18T11:40:59Z,0.516,0.51606787,-0.013151370962116715
2025-09-18T11:41:59Z,0.5154,0.51559497,-0.0378145659566842
2025-09-18T11:42:59Z,0.5149,0.51505731,-0.03054223228090569
2025-09-18T11:43:59Z,0.5151,0.5151548,-0.010637579228611749
2025-09-18T11:44:59Z,0.515,0.51510791,-0.020949008529103086
2025-09-18T11:45:59Z,0.51505454,0.51514718,-0.017983210157546115
2025-09-18T11:46:59Z,0.5152,0.51522483,-0.004819255314225668
2025-09-18T11:47:59Z,0.5151,0.51515962,-0.01157311203856537
2025-09-18T11:48:59Z,0.51476311,0.51490819,-0.02817589675550014
2025-09-18T11:49:59Z,0.5140161,0.51429772,-0.05475816614547435
2025-09-18T11:50:59Z,0.5144,0.51447602,-0.014776198898458492
2025-09-18T11:51:59Z,0.51434157,0.51450901,-0.032543647777916185
2025-09-18T11:52:59Z,0.514,0.51415936,-0.030994281617269248
2025-09-18T11:53:59Z,0.5137,0.51386225,-0.031574609732454295
2025-09-18T11:54:59Z,0.51389503,0.5138688,0.0051044157574953175
2025-09-18T11:55:59Z,0.51388772,0.5138688,0.0036818736611543557
2025-09-18T11:56:59Z,0.51380155,0.51379433,0.0014052315447043995
2025-09-18T11:57:59Z,0.5136,0.51362246,-0.004372861731949396
2025-09-18T11:58:59Z,0.5138679,0.51383551,0.006303573686450292
2025-09-18T11:59:59Z,0.51447413,0.51440326,0.013777128861880428
2025-09-18T12:00:59Z,0.51400148,0.51410761,-0.02064353803282737
2025-09-18T12:01:59Z,0.5137,0.51374574,-0.00890323684239469
2025-09-18T12:02:59Z,0.5137,0.51371232,-0.002398229421474163
2025-09-18T12:03:59Z,0.51379,0.51380349,-0.002625517393828325
2025-09-18T12:04:59Z,0.5138,0.51382383,-0.004637776336680055
2025-09-18T12:05:59Z,0.51417583,0.51415076,0.004876001739240188
2025-09-18T12:06:59Z,0.51464129,0.51461196,0.005699440020801028
2025-09-18T12:07:59Z,0.51433559,0.51441646,-0.01572072557709525
2025-09-18T12:08:59Z,0.51401091,0.51416625,-0.030212018000030927
2025-09-18T12:09:59Z,0.51348188,0.51347226,0.001873518931660989
2025-09-18T12:10:59Z,0.5126529,0.51263804,0.0028987314323991598
2025-09-18T12:11:59Z,0.5124,0.51242112,-0.004121609975793472
2025-09-18T12:12:59Z,0.5134137,0.51331139,0.01993137148192936
2025-09-18T12:13:59Z,0.5144,0.51433307,0.013012968425307747
2025-09-18T12:14:59Z,0.5149,0.51489783,0.00042144283265432847
2025-09-18T12:15:59Z,0.51446086,0.51463416,-0.03367440668919919
2025-09-18T12:16:59Z,0.5142179,0.51432388,-0.020605693050834706
2025-09-18T12:17:59Z,0.51393413,0.51410573,-0.03337834806860229
2025-09-18T12:18:59Z,0.5136208,0.51383299,-0.04129551899734185
2025-09-18T12:19:59Z,0.5139,0.51403473,-0.02621029127739538
2025-09-18T12:20:59Z,0.51426636,0.51427013,-0.0007330777698433266
2025-09-18T12:21:59Z,0.5146254,0.51460203,0.004541373457067621
2025-09-18T12:22:59Z,0.51485575,0.51484551,0.0019889461597699665
2025-09-18T12:23:59Z,0.5146,0.51469805,-0.01905000417236069
2025-09-18T12:24:59Z,0.5146,0.51470165,-0.019749305252869664
2025-09-18T12:25:59Z,0.51495465,0.51494948,0.001003981982861113
2025-09-18T12:26:59Z,0.5155808,0.51549513,0.016618973684567884
2025-09-18T12:27:59Z,0.5164,0.5162623,0.026672487996903804
2025-09-18T12:28:59Z,0.5159,0.51598137,-0.0157699492134733
2025-09-18T12:29:59Z,0.51640435,0.51638324,0.00408804902343185
2025-09-18T12:30:59Z,0.5153,0.51544545,-0.028218310977423666
2025-09-18T12:31:59Z,0.5144,0.51470052,-0.05838735115325511
2025-09-18T12:32:59Z,0.5145,0.51455245,-0.010193324315155294
2025-09-18T12:33:59Z,0.514,0.51417927,-0.034865271795181396
2025-09-18T12:34:59Z,0.51320661,0.5134872,-0.05464401060046864
2025-09-18T12:35:59Z,0.5136,0.51370361,-0.020169217810250828
2025-09-18T12:36:59Z,0.51446453,0.51444277,0.0042298193830170305
2025-09-18T12:37:59Z,0.51450839,0.51450529,0.0006025205299797776
2025-09-18T12:38:59Z,0.51499405,0.51493974,0.010546865153582274
2025-09-18T12:39:59Z,0.51563664,0.51562819,0.0016387777401982717
2025-09-18T12:40:59Z,0.516,0.51613324,-0.02581503954289799
2025-09-18T12:41:59Z,0.51606345,0.51627764,-0.04148736714609802
2025-09-18T12:42:59Z,0.5158,0.51602982,-0.044536185912658066
2025-09-18T12:43:59Z,0.51589464,0.51611895,-0.043460911481740805
2025-09-18T12:44:59Z,0.51580786,0.51606222,-0.04928863035158493
2025-09-18T12:45:59Z,0.51582402,0.51599143,-0.03244433730226204
2025-09-18T12:46:59Z,0.5161,0.51623468,-0.02608890979581835
2025-09-18T12:47:59Z,0.5152,0.51560033,-0.07764347241594471
2025-09-18T12:48:59Z,0.51503706,0.5154834,-0.08658668736956088
2025-09-18T12:49:59Z,0.5150124,0.5153862,-0.07252813521200219
2025-09-18T12:50:59Z,0.51433415,0.51475931,-0.08259394084585425
2025-09-18T12:51:59Z,0.5141,0.51443976,-0.06604466186672653
2025-09-18T12:52:59Z,0.5145215,0.5148413,-0.062116228826236686
2025-09-18T12:53:59Z,0.51432303,0.51473967,-0.08094188660453527
2025-09-18T12:54:59Z,0.5145,0.51483968,-0.06597782051299683
2025-09-18T12:55:59Z,0.5147,0.51502307,-0.0627292288091108
2025-09-18T12:56:59Z,0.51468051,0.51502039,-0.06599350367467727
2025-09-18T12:57:59Z,0.5148,0.51502165,-0.04303702572502344
2025-09-18T12:58:59Z,0.5151,0.51532144,-0.04297123752506904
2025-09-18T12:59:59Z,0.51487202,0.51519608,-0.06290032330990014
2025-09-18T13:00:59Z,0.51437023,0.51435104,0.003730914979782618
2025-09-18T13:01:59Z,0.51456144,0.51454236,0.003708149509806802
2025-09-18T13:02:59Z,0.51446876,0.51453036,-0.011972082658051608
2025-09-18T13:03:59Z,0.51357789,0.51366912,-0.017760460274507395
2025-09-18T13:04:59Z,0.5135,0.51356882,-0.013400346228198412
2025-09-18T13:05:59Z,0.51384443,0.5138258,0.003625742420876321
2025-09-18T13:06:59Z,0.514,0.51402871,-0.0055852911406528705
2025-09-18T13:07:59Z,0.5152,0.51517785,0.004299486090086901
2025-09-18T13:08:59Z,0.51505694,0.51503859,0.0035628398252773863
2025-09-18T13:09:59Z,0.5164,0.51628067,0.02311339682734559
2025-09-18T13:10:59Z,0.51608363,0.51600556,0.015129681935999173
2025-09-18T13:11:59Z,0.51641964,0.51630991,0.021252739464161507
2025-09-18T13:12:59Z,0.51692753,0.51669384,0.04522794388259754
2025-09-18T13:13:59Z,0.5169,0.51672644,0.033588372214898854
2025-09-18T13:14:59Z,0.51680624,0.51678847,0.003438544207434724
2025-09-18T13:15:59Z,0.5174,0.51723554,0.031795958955171955
2025-09-18T13:16:59Z,0.51724324,0.51719827,0.008694924675611837
2025-09-18T13:17:59Z,0.5167,0.51663672,0.012248451871554877
2025-09-18T13:18:59Z,0.5169716,0.51683109,0.02718683196862859
2025-09-18T13:19:59Z,0.51646373,0.51656805,-0.020194822347208152
2025-09-18T13:20:59Z,0.5161,0.51619874,-0.01912829155684692
2025-09-18T13:21:59Z,0.5168,0.51677251,0.005319555407479193
2025-09-18T13:22:59Z,0.5165,0.51658338,-0.016140666391561975
2025-09-18T13:23:59Z,0.51622706,0.51641817,-0.037006831111319194
2025-09-18T13:24:59Z,0.51642369,0.51654958,-0.02437132946656595
2025-09-18T13:25:59Z,0.51656058,0.51663861,-0.015103400808536005
2025-09-18T13:26:59Z,0.51643156,0.51663655,-0.0396777967025308
2025-09-18T13:27:59Z,0.5169,0.5169235,-0.0045461272315860946
2025-09-18T13:28:59Z,0.51683196,0.51691149,-0.015385612728413545
2025-09-18T13:29:59Z,0.5166,0.51673167,-0.02548131025141842
2025-09-18T13:30:59Z,0.51642679,0.51642206,0.000915917495847296
2025-09-18T13:31:59Z,0.51625645,0.51631101,-0.010567274170669716
2025-09-18T13:32:59Z,0.51688864,0.51689509,-0.0012478354166622907
2025-09-18T13:33:59Z,0.5173,0.51733754,-0.007256384294096474
2025-09-18T13:34:59Z,0.51777929,0.51777017,0.0017613992710163728
2025-09-18T13:35:59Z,0.51838877,0.51840056,-0.002274303098737107
2025-09-18T13:36:59Z,0.5188319,0.51881988,0.0023167963417281
2025-09-18T13:37:59Z,0.5193988,0.51938343,0.0029592780809384323
2025-09-18T13:38:59Z,0.5185,0.51866572,-0.03195121512947763
2025-09-18T13:39:59Z,0.5178,0.5180399,-0.0463091742547217
2025-09-18T13:40:59Z,0.51821148,0.51828588,-0.014355011948241625
2025-09-18T13:41:59Z,0.5168,0.51695012,-0.029039552210552433
2025-09-18T13:42:59Z,0.5161,0.51627076,-0.03307566750440083
2025-09-18T13:43:59Z,0.51647612,0.51649618,-0.003883862219467016
2025-09-18T13:44:59Z,0.5147,0.51499601,-0.05747811521877866
2025-09-18T13:45:59Z,0.51380758,0.51407836,-0.0526729037962026
2025-09-18T13:46:59Z,0.515,0.51500852,-0.0016543415631176117
2025-09-18T13:47:59Z,0.5149,0.51502028,-0.023354420140497822
2025-09-18T13:48:59Z,0.51597495,0.51594114,0.006553073088921835
2025-09-18T13:49:59Z,0.51674115,0.51672715,0.0027093602493977187
2025-09-18T13:50:59Z,0.51739491,0.51746983,-0.014478138754481229
2025-09-18T13:51:59Z,0.5172,0.51735089,-0.02916589164464467
2025-09-18T13:52:59Z,0.51741849,0.51740883,0.0018669955825778572
2025-09-18T13:53:59Z,0.5166,0.51668276,-0.016017565594805827
2025-09-18T13:54:59Z,0.51593276,0.51627846,-0.0669599889950856
2025-09-18T13:55:59Z,0.5155,0.51555609,-0.010879514583961303
2025-09-18T13:56:59Z,0.51600436,0.51599114,0.0025620594958253307
2025-09-18T13:57:59Z,0.51668973,0.51662231,0.013050152634708212
2025-09-18T13:58:59Z,0.5173,0.51732443,-0.004722375086740893
2025-09-18T13:59:59Z,0.51779566,0.51783591,-0.007772732485844536
2025-09-18T14:00:59Z,0.51884684,0.51881093,0.0069215966595148615
2025-09-18T14:01:59Z,0.51862708,0.51870132,-0.014312668415805696
2025-09-18T14:02:59Z,0.5188,0.51879914,0.00016576742976059933
2025-09-18T14:03:59Z,0.5193,0.51928163,0.003537579405588076
2025-09-18T14:04:59Z,0.5194,0.51947948,-0.015299930615164659
2025-09-18T14:05:59Z,0.5193,0.51930405,-0.000779889931545874
2025-09-18T14:06:59Z,0.52019428,0.5200915,0.019761907279769453
2025-09-18T14:07:59Z,0.5197,0.51968967,0.0019877247127153552
2025-09-18T14:08:59Z,0.51984024,0.51980466,0.006844878997425141
2025-09-18T14:09:59Z,0.51993407,0.51992215,0.002292650928614748
2025-09-18T14:10:59Z,0.5202,0.52008074,0.022931054897346037
2025-09-18T14:11:59Z,0.5205,0.52033112,0.0324562559317787
2025-09-18T14:12:59Z,0.5214,0.52135604,0.008431857814472643
2025-09-18T14:13:59Z,0.5213,0.52150995,-0.040258100540557784
2025-09-18T14:14:59Z,0.52069539,0.52064253,0.01015283941554479
2025-09-18T14:15:59Z,0.52072335,0.52082951,-0.020382869626567324
2025-09-18T14:16:59Z,0.52224939,0.5221743,0.014380255788171148
2025-09-18T14:17:59Z,0.5227,0.52259815,0.019489161988062165
2025-09-18T14:18:59Z,0.5233,0.52313282,0.031957467321563904
2025-09-18T14:19:59Z,0.52247154,0.52256385,-0.017664826987184856
2025-09-18T14:20:59Z,0.52329389,0.5232831,0.002061981363432608
2025-09-18T14:21:59Z,0.5229396,0.52299587,-0.010759167180440787
2025-09-18T14:22:59Z,0.52236239,0.52261658,-0.04863795174658847
2025-09-18T14:23:59Z,0.5228,0.52290282,-0.019663309522777173
2025-09-18T14:24:59Z,0.5225,0.52262739,-0.024374918428993197
2025-09-18T14:25:59Z,0.522,0.52232122,-0.061498554471906
2025-09-18T14:26:59Z,0.5219,0.52218687,-0.05493627214333552
2025-09-18T14:27:59Z,0.52111651,0.52138485,-0.05146678120777626
2025-09-18T14:28:59Z,0.5210032,0.52114071,-0.026386347748563743
2025-09-18T14:29:59Z,0.5212,0.52122469,-0.004736920655090682
2025-09-18T14:30:59Z,0.5212,0.52128838,-0.016954147337788772
2025-09-18T14:31:59Z,0.52178636,0.52191763,-0.025151478404750183
2025-09-18T14:32:59Z,0.5213,0.52145749,-0.030201886638925313
2025-09-18T14:33:59Z,0.5207,0.52082912,-0.024791240551214067
2025-09-18T14:34:59Z,0.52035104,0.52041208,-0.011729166625040754
2025-09-18T14:35:59Z,0.51970209,0.51986738,-0.0317946473194719
2025-09-18T14:36:59Z,0.5193,0.51955536,-0.0491497190982737
2025-09-18T14:37:59Z,0.5191,0.51931659,-0.04170673615491172
2025-09-18T14:38:59Z,0.51871456,0.51884993,-0.026090395733491256
2025-09-18T14:39:59Z,0.5194,0.51939961,7.508669479516783e-05
2025-09-18T14:40:59Z,0.51981336,0.5198048,0.0016467720190371793
2025-09-18T14:41:59Z,0.51943371,0.51942527,0.001624872813743572
2025-09-18T14:42:59Z,0.520054,0.5200346,0.0037305210076388207
2025-09-18T14:43:59Z,0.51964286,0.51973605,-0.017930255174714027
2025-09-18T14:44:59Z,0.5192,0.51943145,-0.044558333924527016
2025-09-18T14:45:59Z,0.519,0.51907894,-0.015207706172781776
2025-09-18T14:46:59Z,0.51944618,0.51945131,-0.000987580529931975
2025-09-18T14:47:59Z,0.5192,0.51928356,-0.01609140100641282
2025-09-18T14:48:59Z,0.51921706,0.51931723,-0.01928878808814538
2025-09-18T14:49:59Z,0.5188,0.51896061,-0.030948398954599998
2025-09-18T14:50:59Z,0.5187,0.51871984,-0.003824800686247354
2025-09-18T14:51:59Z,0.51921822,0.51921086,0.0014175358350465572
2025-09-18T14:52:59Z,0.51904728,0.51915659,-0.02105530433506031
2025-09-18T14:53:59Z,0.5189,0.5190193,-0.022985657758767264
2025-09-18T14:54:59Z,0.51860601,0.51871681,-0.02136040279860918
2025-09-18T14:55:59Z,0.5185,0.51866453,-0.031721853044408554
2025-09-18T14:56:59Z,0.51879006,0.51878325,0.001312686945853514
2025-09-18T14:57:59Z,0.519,0.51904557,-0.008779575943584916
2025-09-18T14:58:59Z,0.51923545,0.51928935,-0.010379569694607405
2025-09-18T14:59:59Z,0.5193,0.51931671,-0.0032176896445412773
2025-09-18T15:00:59Z,0.5189,0.51902408,-0.023906405267359876
2025-09-18T15:01:59Z,0.51907012,0.51906385,0.0012079438781897878
2025-09-18T15:02:59Z,0.52019963,0.52010214,0.01874439509133019
2025-09-18T15:03:59Z,0.52022855,0.52026985,-0.007938188230594001
2025-09-18T15:04:59Z,0.51968877,0.5198082,-0.02297578222121288
2025-09-18T15:05:59Z,0.52000346,0.52005442,-0.009798974499641844
2025-09-18T15:06:59Z,0.5197,0.51980557,-0.02030951688339888
2025-09-18T15:07:59Z,0.5195,0.51965856,-0.03051234256585822
2025-09-18T15:08:59Z,0.51996025,0.51995831,0.00037310683620450646
2025-09-18T15:09:59Z,0.52004426,0.52003884,0.0010422298457601897
2025-09-18T15:10:59Z,0.52021846,0.52026315,-0.008589883792453623
2025-09-18T15:11:59Z,0.51983756,0.51983236,0.0010003224885979378
2025-09-18T15:12:59Z,0.5192,0.51934405,-0.027736911590681146
2025-09-18T15:13:59Z,0.51808817,0.51844443,-0.06871710435774059
2025-09-18T15:14:59Z,0.51831754,0.51839036,-0.014047329120869811
2025-09-18T15:15:59Z,0.5184,0.51837034,0.005721777985967513
2025-09-18T15:16:59Z,0.5182884,0.51828375,0.0008971919339462175
2025-09-18T15:17:59Z,0.51899367,0.51897028,0.004507001826770107
2025-09-18T15:18:59Z,0.51980824,0.5198038,0.0008541684381579984
2025-09-18T15:19:59Z,0.5202,0.52026758,-0.012989469764757011
2025-09-18T15:20:59Z,0.52010866,0.52028302,-0.03351252939218785
2025-09-18T15:21:59Z,0.5201,0.52038359,-0.05449633798021436
2025-09-18T15:22:59Z,0.5194,0.519676,-0.05311001470147403
2025-09-18T15:23:59Z,0.5195,0.51969717,-0.03793940228692394
2025-09-18T15:24:59Z,0.51971112,0.51991201,-0.03863923051133922
2025-09-18T15:25:59Z,0.5194,0.51967818,-0.053529282295439184
2025-09-18T15:26:59Z,0.52013966,0.52023872,-0.01904125859759631
2025-09-18T15:27:59Z,0.51975298,0.52000949,-0.04932794591882006
2025-09-18T15:28:59Z,0.5189,0.5192494,-0.06728943740713644
2025-09-18T15:29:59Z,0.51860278,0.51897371,-0.07147375538540945
2025-09-18T15:30:59Z,0.5191,0.51926315,-0.031419522066988836
2025-09-18T15:31:59Z,0.51955552,0.51970745,-0.029233754490132213
2025-09-18T15:32:59Z,0.5198,0.51984913,-0.009450818932787985
2025-09-18T15:33:59Z,0.52035244,0.52034963,0.0005400215236095463
2025-09-18T15:34:59Z,0.5197,0.51975025,-0.009668105017734963
2025-09-18T15:35:59Z,0.5199,0.51997019,-0.013498850770654602
2025-09-18T15:36:59Z,0.5197,0.51979985,-0.01920931681682614
2025-09-18T15:37:59Z,0.52037591,0.52037352,0.0004592854763174614
2025-09-18T15:38:59Z,0.52076804,0.52080923,-0.007908846008741754
2025-09-18T15:39:59Z,0.52113768,0.5211023,0.006789453817424018
2025-09-18T15:40:59Z,0.52135287,0.52130732,0.00873764826474499
2025-09-18T15:41:59Z,0.52123238,0.52135993,-0.024464864417172993
2025-09-18T15:42:59Z,0.5198,0.52000022,-0.038503829863756334
2025-09-18T15:43:59Z,0.51983928,0.52003579,-0.03778778379849301
2025-09-18T15:44:59Z,0.51936956,0.51978283,-0.07950820537877545
2025-09-18T15:45:59Z,0.5199,0.52005677,-0.030144785924024475
2025-09-18T15:46:59Z,0.52002877,0.52024876,-0.042285540478737005
2025-09-18T15:47:59Z,0.5203807,0.52047993,-0.01906509632370046
2025-09-18T15:48:59Z,0.52079277,0.52079158,0.00022849831788906982
2025-09-18T15:49:59Z,0.52142996,0.52142887,0.00020904097617346906
2025-09-18T15:50:59Z,0.52099704,0.52115764,-0.030816011830880896
2025-09-18T15:51:59Z,0.52105265,0.52105178,0.00016696996987253243
2025-09-18T15:52:59Z,0.5203,0.52045667,-0.030102409870158553
2025-09-18T15:53:59Z,0.52058949,0.52058884,0.00012485861202726767
2025-09-18T15:54:59Z,0.52072059,0.52072004,0.00010562297545479993
2025-09-18T15:55:59Z,0.52061408,0.52081249,-0.03809624458123162
2025-09-18T15:56:59Z,0.5201,0.52039341,-0.056382343504302046
2025-09-18T15:57:59Z,0.5207,0.52083577,-0.02606771804478658
2025-09-18T15:58:59Z,0.52058088,0.52082763,-0.04737651879181959
2025-09-18T15:59:59Z,0.5201,0.52031025,-0.04040858314822149
2025-09-18T16:00:59Z,0.52033761,0.52059748,-0.049917644626318314
2025-09-18T16:01:59Z,0.5211,0.52117612,-0.01460542743209059
2025-09-18T16:02:59Z,0.52109528,0.52130205,-0.03966414480816027
2025-09-18T16:03:59Z,0.5213,0.52129204,0.001526975167331912
2025-09-18T16:04:59Z,0.52188258,0.52183531,0.00905841346763303
2025-09-18T16:05:59Z,0.52144941,0.52152827,-0.015120944450430773
2025-09-18T16:06:59Z,0.52156126,0.52154846,0.002454230235859889
2025-09-18T16:07:59Z,0.52,0.52037978,-0.07298131376279882
2025-09-18T16:08:59Z,0.5199,0.52005354,-0.029523883252480232
2025-09-18T16:09:59Z,0.5195,0.51968766,-0.03611015123969885
2025-09-18T16:10:59Z,0.5193,0.51949488,-0.03751336298059016
2025-09-18T16:11:59Z,0.5195,0.51954919,-0.009467823441322576
2025-09-18T16:12:59Z,0.51991611,0.5199981,-0.015767365303831493
2025-09-18T16:13:59Z,0.5204,0.52043269,-0.006281311806155543
2025-09-18T16:14:59Z,0.5201,0.52019512,-0.018285446430177377
2025-09-18T16:15:59Z,0.52090969,0.52085935,0.009664797224040456
2025-09-18T16:16:59Z,0.5213,0.52122072,0.015210446737423666
2025-09-18T16:17:59Z,0.52032669,0.52063719,-0.05963845955759828
2025-09-18T16:18:59Z,0.5209,0.52100436,-0.02003054254671177
2025-09-18T16:19:59Z,0.5213,0.52136728,-0.012904530564328276
2025-09-18T16:20:59Z,0.5214,0.5214789,-0.015130046488931459
2025-09-18T16:21:59Z,0.52166862,0.52174012,-0.01370414067447534
2025-09-18T16:22:59Z,0.52211969,0.52207826,0.007935591878505122
2025-09-18T16:23:59Z,0.5214,0.52147965,-0.015273846256513846
2025-09-18T16:24:59Z,0.52105119,0.5213184,-0.05125658330876748
2025-09-18T16:25:59Z,0.5211,0.52130296,-0.03893321457448806
2025-09-18T16:26:59Z,0.52149565,0.52144644,0.009437210847584865
2025-09-18T16:27:59Z,0.5215,0.52149697,0.0005810196749500562
2025-09-18T16:28:59Z,0.52160645,0.52166769,-0.011739274096111973
2025-09-18T16:29:59Z,0.52143002,0.52155551,-0.024060717909002438
2025-09-18T16:30:59Z,0.5208,0.52106164,-0.05021286924901114
2025-09-18T16:31:59Z,0.521,0.52106883,-0.01320938732797261
2025-09-18T16:32:59Z,0.5213,0.52128794,0.002313500672967983
2025-09-18T16:33:59Z,0.5216,0.52160901,-0.001727347462820994
2025-09-18T16:34:59Z,0.5214,0.52145183,-0.009939556641302971
2025-09-18T16:35:59Z,0.5213,0.52137721,-0.014808855952885835
2025-09-18T16:36:59Z,0.52160117,0.52158018,0.00402430935930731
2025-09-18T16:37:59Z,0.52096346,0.5211037,-0.02691210981612402
2025-09-18T16:38:59Z,0.52155365,0.52153883,0.002841590912794345
2025-09-18T16:39:59Z,0.5223587,0.52227792,0.015466861015300815
2025-09-18T16:40:59Z,0.52224067,0.52237497,-0.025709501356852016
2025-09-18T16:41:59Z,0.52324339,0.5232826,-0.007493083087428687
2025-09-18T16:42:59Z,0.5235829,0.52349177,0.017408105575356103
2025-09-18T16:43:59Z,0.5235763,0.52361911,-0.008175790222797463
2025-09-18T16:44:59Z,0.5227,0.52292629,-0.043273785297726075
2025-09-18T16:45:59Z,0.52316331,0.52316601,-0.000516088573854212
2025-09-18T16:46:59Z,0.5228,0.52296072,-0.030732709714798023
2025-09-18T16:47:59Z,0.5226,0.52276945,-0.03241390635968511
2025-09-18T16:48:59Z,0.5226,0.52271867,-0.022702460579815398
2025-09-18T16:49:59Z,0.52378339,0.52373645,0.00896252303996814
2025-09-18T16:50:59Z,0.52297222,0.52296501,0.0013786773229940152
2025-09-18T16:51:59Z,0.52303218,0.52310399,-0.013727672006480507
2025-09-18T16:52:59Z,0.5228,0.52301579,-0.04125879258826126
2025-09-18T16:53:59Z,0.5225,0.52278611,-0.054727926876252386
2025-09-18T16:54:59Z,0.52281057,0.52294986,-0.026635440728484117
2025-09-18T16:55:59Z,0.5227998,0.52295252,-0.029203416019485395
2025-09-18T16:56:59Z,0.5222,0.52243664,-0.045295444821791264
2025-09-18T16:57:59Z,0.52216298,0.52239144,-0.04373348843541569
2025-09-18T16:58:59Z,0.52227326,0.52244122,-0.032149071239073734
2025-09-18T16:59:59Z,0.5228,0.52281308,-0.0025018501832452245
2025-09-18T17:00:59Z,0.5233,0.5232778,0.0042424884067360225
2025-09-18T17:01:59Z,0.5230434,0.52310261,-0.011319002977250303
2025-09-18T17:02:59Z,0.5225,0.52273329,-0.04462887756776501
2025-09-18T17:03:59Z,0.52172997,0.52188547,-0.029795809413890595
2025-09-18T17:04:59Z,0.52182811,0.52191136,-0.01595098447370047
2025-09-18T17:05:59Z,0.52257785,0.52261974,-0.008015388014237512
2025-09-18T17:06:59Z,0.52353499,0.5235984,-0.012110426617040204
2025-09-18T17:07:59Z,0.5237,0.52366071,0.007502949763038558
2025-09-18T17:08:59Z,0.52388466,0.5238398,0.008563686837081974
2025-09-18T17:09:59Z,0.52408535,0.52405579,0.005640620820157594
2025-09-18T17:10:59Z,0.52376486,0.52385348,-0.016916944027933756
2025-09-18T17:11:59Z,0.524,0.52401438,-0.00274419950078153
2025-09-18T17:12:59Z,0.52452299,0.52456113,-0.0072708399114551625
2025-09-18T17:13:59Z,0.52476701,0.5246895,0.014772546429830946
2025-09-18T17:14:59Z,0.52450658,0.52452953,-0.004375349467944378
2025-09-18T17:15:59Z,0.52466388,0.52462228,0.007929514545201855
2025-09-18T17:16:59Z,0.525,0.52502878,-0.005481604265566986
2025-09-18T17:17:59Z,0.52545988,0.5254311,0.005477407028231518
2025-09-18T17:18:59Z,0.52566228,0.52563882,0.004463140679011879
2025-09-18T17:19:59Z,0.52537374,0.52535869,0.002864709442618185
2025-09-18T17:20:59Z,0.5255,0.52551615,-0.003073169111922347
2025-09-18T17:21:59Z,0.5258,0.52575808,0.00797324883718975
2025-09-18T17:22:59Z,0.5254,0.52541791,-0.0034087151692396844
2025-09-18T17:23:59Z,0.52494005,0.52506947,-0.024648167032081947
2025-09-18T17:24:59Z,0.5243048,0.52455165,-0.047059236206770105
2025-09-18T17:25:59Z,0.5242,0.52428708,-0.016609221039742827
2025-09-18T17:26:59Z,0.524,0.52399401,0.0011431428386110554
2025-09-18T17:27:59Z,0.52371199,0.52379712,-0.0162524757677196
2025-09-18T17:28:59Z,0.5237,0.5238631,-0.031134088276107974
2025-09-18T17:29:59Z,0.5239,0.52397831,-0.014945275120248347
2025-09-18T17:30:59Z,0.5238,0.52394078,-0.0268694488716692
2025-09-18T17:31:59Z,0.5236,0.52381281,-0.04062710875666342
2025-09-18T17:32:59Z,0.52286765,0.5228255,0.008061963312799847
2025-09-18T17:33:59Z,0.5239,0.52361898,0.05366879558110771
2025-09-18T17:34:59Z,0.5229,0.52290864,-0.0016522962787535178
2025-09-18T17:35:59Z,0.5227,0.52277755,-0.014834225379412036
2025-09-18T17:36:59Z,0.52277508,0.5228838,-0.02079238255231486
2025-09-18T17:37:59Z,0.52230681,0.52245809,-0.02895543257832589
2025-09-18T17:38:59Z,0.5225,0.52256529,-0.012494132551355008
2025-09-18T17:39:59Z,0.5233,0.52322833,0.013697652801014648
2025-09-18T17:40:59Z,0.52338494,0.52328362,0.01936234885395738
2025-09-18T17:41:59Z,0.52366478,0.52362355,0.007873977402272914
2025-09-18T17:42:59Z,0.52378811,0.5238417,-0.010230189769144804
2025-09-18T17:43:59Z,0.5242,0.52419614,0.0007363655901704291
2025-09-18T17:44:59Z,0.5239106,0.52386967,0.007813011965374095
2025-09-18T17:45:59Z,0.52437493,0.52433408,0.007790834423726523
2025-09-18T17:46:59Z,0.52503272,0.52493484,0.018646123774135326
2025-09-18T17:47:59Z,0.524563,0.52459656,-0.0063972970009484875
2025-09-18T17:48:59Z,0.52524107,0.52514735,0.01784641967630396
2025-09-18T17:49:59Z,0.52534485,0.5254293,-0.016072571514380574
2025-09-18T17:50:59Z,0.52524306,0.52537277,-0.024689136439270953
2025-09-18T17:51:59Z,0.52547095,0.52547321,-0.00043008852915749074
2025-09-18T17:52:59Z,0.52546354,0.52542337,0.007645263285493975
2025-09-18T17:53:59Z,0.5256,0.52567011,-0.013337262033030761
2025-09-18T17:54:59Z,0.52512103,0.52532962,-0.03970649894061706
2025-09-18T17:55:59Z,0.52472375,0.52496579,-0.046105861488598965
2025-09-18T17:56:59Z,0.5245,0.52476168,-0.049866446040813805
2025-09-18T17:57:59Z,0.5243,0.52453003,-0.043854495804551696
2025-09-18T17:58:59Z,0.52492515,0.52496213,-0.007044317653936982
2025-09-18T17:59:59Z,0.5254,0.52537595,0.004577674330152881
2025-09-18T18:00:59Z,0.52546302,0.52548701,-0.0045652888736480435
2025-09-18T18:01:59Z,0.5247,0.52480329,-0.019681660151171787
2025-09-18T18:02:59Z,0.52529415,0.52525509,0.007436386765902192
2025-09-18T18:03:59Z,0.52529543,0.52536854,-0.013915945556997045
2025-09-18T18:04:59Z,0.52466618,0.52499692,-0.06299846482908933
2025-09-18T18:05:59Z,0.5244,0.52443257,-0.006210521974259198
2025-09-18T18:06:59Z,0.5244,0.5244028,-0.0005339407035953592
2025-09-18T18:07:59Z,0.52505868,0.52502018,0.007333051464808449
2025-09-18T18:08:59Z,0.52521794,0.52521934,-0.00026655530240837777
2025-09-18T18:09:59Z,0.5248,0.52484497,-0.008568244447482165
2025-09-18T18:10:59Z,0.5249,0.52490848,-0.001615519718789482
2025-09-18T18:11:59Z,0.52481594,0.52492012,-0.01984682926613468
2025-09-18T18:12:59Z,0.5243,0.52452907,-0.04367155475292206
2025-09-18T18:13:59Z,0.52485054,0.52491585,-0.012441994273937329
2025-09-18T18:14:59Z,0.52545986,0.52543515,0.0047027687432033005
2025-09-18T18:15:59Z,0.52548559,0.52551988,-0.006524967238175083
2025-09-18T18:16:59Z,0.52614604,0.52605884,0.016576092514664076
2025-09-18T18:17:59Z,0.52568887,0.52574072,-0.009862275838190548
2025-09-18T18:18:59Z,0.52521381,0.52536352,-0.028496458985194373
2025-09-18T18:19:59Z,0.52520695,0.52529471,-0.016706812067479593
2025-09-18T18:20:59Z,0.52521199,0.52517696,0.006670132672992324
2025-09-18T18:21:59Z,0.52592694,0.5259522,-0.004802717813523483
2025-09-18T18:22:59Z,0.5259,0.52597781,-0.014793399744361668
2025-09-18T18:23:59Z,0.5254,0.52535704,0.008177295958566866
2025-09-18T18:24:59Z,0.52520517,0.52526552,-0.011489427290034548
2025-09-18T18:25:59Z,0.5254,0.52540326,-0.0006204757846517417
2025-09-18T18:26:59Z,0.52616563,0.52605495,0.021039627134022965
2025-09-18T18:27:59Z,0.52605978,0.52602339,0.00691794332567941
2025-09-18T18:28:59Z,0.52657682,0.52642478,0.02888161913652265
2025-09-18T18:29:59Z,0.52608306,0.52604689,0.006875812914697299
2025-09-18T18:30:59Z,0.5255,0.52585267,-0.06706631346001801
2025-09-18T18:31:59Z,0.525,0.52531056,-0.059119314106304
2025-09-18T18:32:59Z,0.5248,0.52498404,-0.035056303806857425
2025-09-18T18:33:59Z,0.5244,0.52462375,-0.04264961317517191
2025-09-18T18:34:59Z,0.52447819,0.52444268,0.0067709973566421056
2025-09-18T18:35:59Z,0.5244,0.52440451,-0.000860023114601649
2025-09-18T18:36:59Z,0.5249,0.52481716,0.015784544849872795
2025-09-18T18:37:59Z,0.52490885,0.52487364,0.00670828125413081
2025-09-18T18:38:59Z,0.52569402,0.52553236,0.030761188521277738
2025-09-18T18:39:59Z,0.525,0.52509543,-0.01817383937240402
2025-09-18T18:40:59Z,0.5248,0.52478967,0.001968407647967574
2025-09-18T18:41:59Z,0.52434004,0.52451588,-0.03352424715912239
2025-09-18T18:42:59Z,0.5248,0.52485302,-0.010101875759416235
2025-09-18T18:43:59Z,0.52478933,0.52485555,-0.012616804757026312
2025-09-18T18:44:59Z,0.52494773,0.52499904,-0.009773351204611647
2025-09-18T18:45:59Z,0.52535043,0.52541827,-0.012911618014332937
2025-09-18T18:46:59Z,0.5254,0.52539733,0.0005081868231116005
2025-09-18T18:47:59Z,0.5257171,0.52571254,0.000867394184678183
2025-09-18T18:48:59Z,0.526,0.52597341,0.005055388636487912
2025-09-18T18:49:59Z,0.52651427,0.5263924,0.023151930005060883
2025-09-18T18:50:59Z,0.52679457,0.52673645,0.011033981035479812
2025-09-18T18:51:59Z,0.52695804,0.52693292,0.004767210217182516
2025-09-18T18:52:59Z,0.52697301,0.52693931,0.006395423412208778
2025-09-18T18:53:59Z,0.5268,0.52679357,0.0012205919673657917
2025-09-18T18:54:59Z,0.5265,0.52653279,-0.006227532382174772
2025-09-18T18:55:59Z,0.5269,0.52689591,0.000776244400912951
2025-09-18T18:56:59Z,0.52724007,0.52720679,0.0063125135395081244
2025-09-18T18:57:59Z,0.5273,0.527321,-0.00398239402565892
2025-09-18T18:58:59Z,0.52685997,0.52694276,-0.015711383908190157
2025-09-18T18:59:59Z,0.5269112,0.52697635,-0.012362983651914572
2025-09-18T19:00:59Z,0.52670688,0.52678528,-0.014882724133835623
2025-09-18T19:01:59Z,0.52687856,0.52683616,0.008048042867825345
2025-09-18T19:02:59Z,0.52675462,0.52674772,0.001309924986458988
2025-09-18T19:03:59Z,0.5266,0.52664048,-0.007686458131739293
2025-09-18T19:04:59Z,0.52652987,0.52649751,0.006146277880780815
2025-09-18T19:05:59Z,0.5271,0.52703045,0.013196580956553738
2025-09-18T19:06:59Z,0.5269,0.52686924,0.005838260741897194
2025-09-18T19:07:59Z,0.5267738,0.52677218,0.0003075333249169532
2025-09-18T19:08:59Z,0.52633976,0.52642576,-0.016336586568244105
2025-09-18T19:09:59Z,0.52674012,0.52673992,3.796940244438218e-05
2025-09-18T19:10:59Z,0.52641724,0.52666061,-0.04621002508616856
2025-09-18T19:11:59Z,0.5262,0.52630201,-0.01938240745080755
2025-09-18T19:12:59Z,0.5265,0.52647712,0.004345867869792741
2025-09-18T19:13:59Z,0.5264,0.52647694,-0.014614125359413421
2025-09-18T19:14:59Z,0.5258,0.52600712,-0.03937589285863963
2025-09-18T19:15:59Z,0.5258,0.52585445,-0.010354576252025183
2025-09-18T19:16:59Z,0.525634,0.52581494,-0.03441134631889664
2025-09-18T19:17:59Z,0.52545014,0.52558744,-0.026123150888079927
2025-09-18T19:18:59Z,0.5256,0.52570589,-0.020142441242199105
2025-09-18T19:19:59Z,0.5254,0.52549401,-0.017889832845097153
2025-09-18T19:20:59Z,0.52484653,0.52511523,-0.05116972135811304
2025-09-18T19:21:59Z,0.5246,0.52473953,-0.026590335208787064
2025-09-18T19:22:59Z,0.5244,0.5244486,-0.009266875724345258
2025-09-18T19:23:59Z,0.52410201,0.52427263,-0.032544136435275206
2025-09-18T19:24:59Z,0.52451492,0.52451427,0.00012392417847451043
2025-09-18T19:25:59Z,0.52455927,0.52453383,0.004850020827062984
2025-09-18T19:26:59Z,0.52465494,0.5246821,-0.005176467807843643
2025-09-18T19:27:59Z,0.5243,0.5243382,-0.007285374210763695
2025-09-18T19:28:59Z,0.524,0.52411357,-0.021668967662868965
2025-09-18T19:29:59Z,0.52276619,0.5230007,-0.04483932813090785
2025-09-18T19:30:59Z,0.5225,0.52263057,-0.024983230506403498
2025-09-18T19:31:59Z,0.52313213,0.5231105,0.004134881635908805
2025-09-18T19:32:59Z,0.52193093,0.52215939,-0.04375292379592555
2025-09-18T19:33:59Z,0.52147929,0.52168785,-0.039977929330714534
2025-09-18T19:34:59Z,0.5208,0.5208593,-0.011385032387822847
2025-09-18T19:35:59Z,0.52011217,0.52022689,-0.02205191661661665
2025-09-18T19:36:59Z,0.5204,0.52041756,-0.0033742135834069487
2025-09-18T19:37:59Z,0.51983911,0.51986347,-0.004685845689433865
2025-09-18T19:38:59Z,0.52140082,0.52137247,0.005437571339350633
2025-09-18T19:39:59Z,0.52187703,0.52176507,0.021457933165192067
2025-09-18T19:40:59Z,0.5229,0.52264113,0.04953111899173024
2025-09-18T19:41:59Z,0.5216105,0.52164734,-0.007062242472100078
2025-09-18T19:42:59Z,0.52175909,0.52173115,0.005355248579652638
2025-09-18T19:43:59Z,0.5224,0.52223546,0.03150686090906962
2025-09-18T19:44:59Z,0.52217587,0.52206517,0.02120424927025688
2025-09-18T19:45:59Z,0.52210003,0.52193489,0.031639961835083774
2025-09-18T19:46:59Z,0.52157956,0.52150265,0.014747767820555424
2025-09-18T19:47:59Z,0.52121055,0.52118319,0.005249593717726597
2025-09-18T19:48:59Z,0.52168977,0.52165597,0.0064793660849105095
2025-09-18T19:49:59Z,0.5219,0.52190446,-0.0008545625381328747
2025-09-18T19:50:59Z,0.5223241,0.52226703,0.010927360281587362
2025-09-18T19:51:59Z,0.52255757,0.52252721,0.005810223739355358
2025-09-18T19:52:59Z,0.5227,0.52266586,0.006531897836214995
2025-09-18T19:53:59Z,0.52261492,0.52263048,-0.0029772469451128103
2025-09-18T19:54:59Z,0.5231,0.52302589,0.014169470654690208
2025-09-18T19:55:59Z,0.52282642,0.52283487,-0.001616189065567486
2025-09-18T19:56:59Z,0.5238,0.5237218,0.014931591543465572
2025-09-18T19:57:59Z,0.52352632,0.52362712,-0.01925033982197455
2025-09-18T19:58:59Z,0.52373269,0.52377047,-0.007213083242352258
2025-09-18T19:59:59Z,0.52330481,0.52350364,-0.037980633716339085
2025-09-18T20:00:59Z,0.5238,0.52381346,-0.002569617054115625
2025-09-18T20:01:59Z,0.52336668,0.52356598,-0.038065880445481426
2025-09-18T20:02:59Z,0.5238031,0.52381084,-0.0014776326507592863
2025-09-18T20:03:59Z,0.52391617,0.52389041,0.004917058894049475
2025-09-18T20:04:59Z,0.52308349,0.52324403,-0.030681668742593704
2025-09-18T20:05:59Z,0.5233,0.52342687,-0.024238342979987504
2025-09-18T20:06:59Z,0.52371459,0.52371689,-0.0004391685744620233
2025-09-18T20:07:59Z,0.52426592,0.52424057,0.004835566236316424
2025-09-18T20:08:59Z,0.52434701,0.52436154,-0.0027709888868021615
2025-09-18T20:09:59Z,0.52485799,0.52473966,0.02255022995591993
2025-09-18T20:10:59Z,0.5249,0.52483965,0.01149875014208046
2025-09-18T20:11:59Z,0.52454345,0.52452172,0.004142821769148597
2025-09-18T20:12:59Z,0.52445391,0.5244436,0.0019658929959254223
2025-09-18T20:13:59Z,0.5244345,0.52444566,-0.0021279611695179668
2025-09-18T20:14:59Z,0.52409951,0.52407494,0.004688260804841526
2025-09-18T20:15:59Z,0.52411436,0.52409862,0.0030032515636158053
2025-09-18T20:16:59Z,0.52373978,0.52384548,-0.02017770583798706
2025-09-18T20:17:59Z,0.52290084,0.52315694,-0.048952805634194796
2025-09-18T20:18:59Z,0.5238,0.52378375,0.0031024253807077073
2025-09-18T20:19:59Z,0.5231,0.52323944,-0.026649367257181034
2025-09-18T20:20:59Z,0.52364904,0.52369403,-0.008590894190640963
2025-09-18T20:21:59Z,0.52414609,0.52412228,0.004542833019804959
2025-09-18T20:22:59Z,0.52440788,0.52438417,0.004521494231979339
2025-09-18T20:23:59Z,0.52404971,0.5241218,-0.013754436468771392
2025-09-18T20:24:59Z,0.5238,0.52391405,-0.02176883784658079
2025-09-18T20:25:59Z,0.52407494,0.52419956,-0.02377338889792968
2025-09-18T20:26:59Z,0.5236,0.52381152,-0.040380937021011754
2025-09-18T20:27:59Z,0.52350888,0.52367474,-0.03167233156979865
2025-09-18T20:28:59Z,0.5235,0.52364866,-0.028389263900729933
2025-09-18T20:29:59Z,0.5238,0.5238204,-0.003894464591280844
2025-09-18T20:30:59Z,0.5237434,0.52392474,-0.03461184138775497
2025-09-18T20:31:59Z,0.5233,0.52349804,-0.03783013208606967
2025-09-18T20:32:59Z,0.5229,0.52317326,-0.05223126273692369
2025-09-18T20:33:59Z,0.52350501,0.52361136,-0.020310865677153345
2025-09-18T20:34:59Z,0.52280138,0.52291898,-0.02248914353807363
2025-09-18T20:35:59Z,0.5227,0.52272736,-0.005234086082639422
2025-09-18T20:36:59Z,0.52378163,0.52365449,0.02427936787099405
2025-09-18T20:37:59Z,0.52401816,0.52399611,0.00420804650629325
2025-09-18T20:38:59Z,0.52411024,0.52404916,0.011655395077814212
2025-09-18T20:39:59Z,0.5236,0.52364131,-0.007888987979209894
2025-09-18T20:40:59Z,0.52380092,0.52387526,-0.014190400974456452
2025-09-18T20:41:59Z,0.52390919,0.52388758,0.00412493077235343
2025-09-18T20:42:59Z,0.52388045,0.52385895,0.004104158189921492
2025-09-18T20:43:59Z,0.52398398,0.52396075,0.004433538199188902
2025-09-18T20:44:59Z,0.5238,0.52382458,-0.004692410577589179
2025-09-18T20:45:59Z,0.52415109,0.52404414,0.020408586192766087
2025-09-18T20:46:59Z,0.52438174,0.52421806,0.03122364765533181
2025-09-18T20:47:59Z,0.52462729,0.52456282,0.012290234370770925
2025-09-18T20:48:59Z,0.52457249,0.5245976,-0.004786525901001593
2025-09-18T20:49:59Z,0.52496095,0.52489668,0.012244314442977355
2025-09-18T20:50:59Z,0.5244,0.52455875,-0.030263531015350953
2025-09-18T20:51:59Z,0.52398757,0.52420332,-0.04115769430840244
2025-09-18T20:52:59Z,0.5238,0.5240531,-0.04829663253590466
2025-09-18T20:53:59Z,0.52374057,0.52382838,-0.01676312383075418
2025-09-18T20:54:59Z,0.524,0.52402574,-0.004911972453869318
2025-09-18T20:55:59Z,0.5238,0.52394277,-0.027249159292719316
2025-09-18T20:56:59Z,0.52340562,0.52360752,-0.038559415647809736
2025-09-18T20:57:59Z,0.52342022,0.52360317,-0.034940582960951705
2025-09-18T20:58:59Z,0.5238,0.52379232,0.0014662299745227259
2025-09-18T20:59:59Z,0.5235,0.52359842,-0.018796848164681634
2025-09-18T21:00:59Z,0.5237,0.52374847,-0.009254442308914701
2025-09-18T21:01:59Z,0.52380239,0.52384294,-0.007740869811101447
2025-09-18T21:02:59Z,0.52350352,0.52356717,-0.012156988376477162
2025-09-18T21:03:59Z,0.52332376,0.52348021,-0.0298865166268647
2025-09-18T21:04:59Z,0.5232,0.52331065,-0.021144228576275292
2025-09-18T21:05:59Z,0.523,0.52315239,-0.02912917974053908
2025-09-18T21:06:59Z,0.52282067,0.52298747,-0.03189368953715466
2025-09-18T21:07:59Z,0.52242993,0.52276004,-0.06314751984485278
2025-09-18T21:08:59Z,0.52223362,0.52237713,-0.027472489080826445
2025-09-18T21:09:59Z,0.52221618,0.52234699,-0.025042740267333663
2025-09-18T21:10:59Z,0.5221,0.52226437,-0.03147256627903383
2025-09-18T21:11:59Z,0.52252184,0.52255099,-0.005578402980355168
2025-09-18T21:12:59Z,0.5221,0.52226622,-0.031826680270452545
2025-09-18T21:13:59Z,0.52251254,0.52249447,0.003458409808620999
2025-09-18T21:14:59Z,0.52243994,0.52242199,0.0034359196863231745
2025-09-18T21:15:59Z,0.52260359,0.52260024,0.000641025346626023
2025-09-18T21:16:59Z,0.52320191,0.52318414,0.003396509687769722
2025-09-18T21:17:59Z,0.5236,0.52355246,0.009080274400763422
2025-09-18T21:18:59Z,0.5231013,0.52317631,-0.014337422885224438
2025-09-18T21:19:59Z,0.5236,0.52353148,0.013088038182518247
2025-09-18T21:20:59Z,0.52392874,0.52391139,0.0033116287088130747
2025-09-18T21:21:59Z,0.52423629,0.52419077,0.00868386141175126
2025-09-18T21:22:59Z,0.5236148,0.52376006,-0.0277340734992082
2025-09-18T21:23:59Z,0.5232,0.52331018,-0.02105443467580459
2025-09-18T21:24:59Z,0.5231008,0.52321349,-0.021538053233283172
2025-09-18T21:25:59Z,0.52383504,0.5237824,0.010049974951442664
2025-09-18T21:26:59Z,0.5233,0.52335116,-0.009775463189964917
2025-09-18T21:27:59Z,0.5235,0.52351827,-0.0034898495519519734
2025-09-18T21:28:59Z,0.5236,0.52358784,0.00232243743474303
2025-09-18T21:29:59Z,0.52360855,0.52359219,0.0031245691422432387
2025-09-18T21:30:59Z,0.52400846,0.52399219,0.003105008110915186
2025-09-18T21:31:59Z,0.52446057,0.52444002,0.003918465261287807
2025-09-18T21:32:59Z,0.5239,0.52403132,-0.025059570866858838
2025-09-18T21:33:59Z,0.524,0.52405958,-0.011368936333522317
2025-09-18T21:34:59Z,0.5239,0.5239112,-0.0021377668582012177
2025-09-18T21:35:59Z,0.5247,0.52447641,0.042631088021671815
2025-09-18T21:36:59Z,0.52506928,0.52489163,0.03384508150756638
2025-09-18T21:37:59Z,0.52531839,0.52547279,-0.029383062822341266
2025-09-18T21:38:59Z,0.5254,0.52541929,-0.0036713535964794097
2025-09-18T21:39:59Z,0.5252,0.52527799,-0.014847376338755769
2025-09-18T21:40:59Z,0.52510479,0.52521444,-0.020877186849610485
2025-09-18T21:41:59Z,0.5248,0.52495788,-0.03007479381010869
2025-09-18T21:42:59Z,0.52507287,0.52517724,-0.019873290777028263
2025-09-18T21:43:59Z,0.52486095,0.52498364,-0.02337025207108656
2025-09-18T21:44:59Z,0.52494087,0.52504359,-0.01956408990727576
2025-09-18T21:45:59Z,0.525,0.52510228,-0.01947811005506006
2025-09-18T21:46:59Z,0.52488362,0.52486907,0.00277211991173143
2025-09-18T21:47:59Z,0.52533409,0.52526313,0.013509419555091107
2025-09-18T21:48:59Z,0.52566007,0.52547905,0.03444856650327566
2025-09-18T21:49:59Z,0.52640295,0.52638869,0.002709024770286561
2025-09-18T21:50:59Z,0.5262755,0.52626136,0.0026868778661537362
2025-09-18T21:51:59Z,0.5261,0.52615836,-0.011091717710243199
2025-09-18T21:52:59Z,0.52574817,0.5258726,-0.023661624507542722
2025-09-18T21:53:59Z,0.5257,0.52576467,-0.01230017985044407
2025-09-18T21:54:59Z,0.5254,0.52558322,-0.03486032145395557
2025-09-18T21:55:59Z,0.52536051,0.52550902,-0.028260219015852073
2025-09-18T21:56:59Z,0.52522949,0.52533373,-0.01984262461123265
2025-09-18T21:57:59Z,0.52502456,0.52524242,-0.041477990296368006
2025-09-18T21:58:59Z,0.52453419,0.52477964,-0.0467720127251825
2025-09-18T21:59:59Z,0.52463482,0.52465359,-0.0035775986970909557
2025-09-18T22:00:59Z,0.52465788,0.52464487,0.0024797726507763684
2025-09-18T22:01:59Z,0.52462685,0.52466541,-0.007349445811577482
2025-09-18T22:02:59Z,0.52486719,0.52483483,0.006165749327280423
2025-09-18T22:03:59Z,0.52468138,0.52466612,0.0029085163722797347
2025-09-18T22:04:59Z,0.5246,0.52462353,-0.004485120978081625
2025-09-18T22:05:59Z,0.52506482,0.52505235,0.0023750012736911685
2025-09-18T22:06:59Z,0.5244,0.52447908,-0.015077817784459047
2025-09-18T22:07:59Z,0.52442007,0.52447908,-0.011251163726100355
2025-09-18T22:08:59Z,0.5242,0.52429647,-0.01839989500597161
2025-09-18T22:09:59Z,0.52446285,0.52445083,0.0022919212464556082
2025-09-18T22:10:59Z,0.5242,0.52425517,-0.010523501370529598
2025-09-18T22:11:59Z,0.52438994,0.52445452,-0.012313746480818732
2025-09-18T22:12:59Z,0.52393561,0.52406472,-0.02463627011565217
2025-09-18T22:13:59Z,0.52340217,0.52345439,-0.009976036307579594
2025-09-18T22:14:59Z,0.52344348,0.52340657,0.007051879383168647
2025-09-18T22:15:59Z,0.52333921,0.52336961,-0.005808514560101674
2025-09-18T22:16:59Z,0.5247,0.52453605,0.03125619297281723
2025-09-18T22:17:59Z,0.52505772,0.52496906,0.016888614349941378
2025-09-18T22:18:59Z,0.52501492,0.52491205,0.019597568773677132
2025-09-18T22:19:59Z,0.52498972,0.52494585,0.008357052446439361
2025-09-18T22:20:59Z,0.52491635,0.52490553,0.0020613233013611065
2025-09-18T22:21:59Z,0.52501327,0.52500255,0.0020418948441403018
2025-09-18T22:22:59Z,0.52477725,0.52479386,-0.003165052274045621
2025-09-18T22:23:59Z,0.52529261,0.52520907,0.015906046710134625
2025-09-18T22:24:59Z,0.52579166,0.52553516,0.04880739092698594
2025-09-18T22:25:59Z,0.5271,0.52685421,0.04665237466736638
2025-09-18T22:26:59Z,0.52621671,0.5262175,-0.00015012803640246375
2025-09-18T22:27:59Z,0.5255429,0.52570017,-0.02991629239914584
2025-09-18T22:28:59Z,0.52570454,0.52581926,-0.021817382649702566
2025-09-18T22:29:59Z,0.52576877,0.52583448,-0.012496327741762236
2025-09-18T22:30:59Z,0.52606454,0.5261236,-0.011225499103251213
2025-09-18T22:31:59Z,0.52628648,0.52631293,-0.005025527303692545
2025-09-18T22:32:59Z,0.52640127,0.52647426,-0.013863925655155374
